"","description","statusesCount","followersCount","favoritesCount","friendsCount","url","name","created","protected","verified","screenName","location","lang","id","listedCount","followRequestSent","profileImageUrl"
"1","",3570,125,5343,268,NA,"MaggieMai O Sullivan",2013-11-18 19:23:44,FALSE,FALSE,"maggiemai66","Ireland","en","2201842338",3,FALSE,"http://pbs.twimg.com/profile_images/769960534980620289/xJlGIR1C_normal.jpg"
"2","",74753,676,29827,1028,NA,"Pokkiehat",2012-09-02 19:52:43,FALSE,FALSE,"Pokkiehat","","en","798939415",94,FALSE,"http://abs.twimg.com/sticky/default_profile_images/default_profile_normal.png"
"3","",50929,1032,15360,2340,NA,"michael jordan",2012-08-24 18:40:53,FALSE,FALSE,"michael98708523","","en","778753028",71,FALSE,"http://pbs.twimg.com/profile_images/660469029740507136/rw3HjiwF_normal.png"
"4","Minister for Community Development, Natural Resources & Digital Development -                       Fine Gael TD for Galway West/Mayo South",4606,4673,2336,513,"https://t.co/nDU6isdHNE","Seán Kyne TD",2011-06-13 07:41:27,FALSE,TRUE,"SeanKyneTD","Galway","en","316306021",141,FALSE,"http://pbs.twimg.com/profile_images/867470991047479296/oLH56E36_normal.jpg"
"5","Irish; B.Ed., M.Sc (Sociology/Epistemology, London) interests include,  Politics, Art, Archaeology, History, Nature, Natural Law, Theatre+ Film, BDS supporter",233244,3574,119835,4968,NA,"Brendan O'Kelly",2009-12-07 13:22:05,FALSE,FALSE,"yllekonadnerb","Dublin","en","95199214",596,FALSE,"http://pbs.twimg.com/profile_images/491851316277555202/kPHYuVzc_normal.jpeg"
"6","Ethereal Heart Foundation fights against #foodwaste and feed #children in need and reduce #social inequalities. #zerohunger #sustainability #charity #help #Food",1009362,19824,449,3785,NA,"Ethereal Heart Fdn",2017-01-30 08:00:18,FALSE,FALSE,"EHFoundation237","Cameroon ","en","825976920609288192",501,FALSE,"http://pbs.twimg.com/profile_images/899230852336496640/BId6vRrb_normal.jpg"
"7","Irish Water's official customer care channel, here to help Mon-Fri 9-8. Service updates are posted 24/7 here and on https://t.co/T0AeanmwAt",45527,10284,365,3621,"http://t.co/aCXKQ2flQ9","Irish Water Care",2015-03-10 11:32:10,FALSE,TRUE,"IWCare","Ireland","en","3083740683",43,FALSE,"http://pbs.twimg.com/profile_images/877453858292867072/1t6s_2Zd_normal.jpg"
"8","Loves food, family, tennis, in that order",944,73,2623,245,NA,"Rhona Pinard",2009-07-09 14:44:20,FALSE,FALSE,"rhonapinard","Dublin Ireland","en","55254396",3,FALSE,"http://pbs.twimg.com/profile_images/572500548177559552/zuF8ci9H_normal.jpeg"
"9","Freedom! What will you do with it today?",8752,711,198,1679,"http://t.co/vgJRtOv9Nf","Steven Bennett",2011-08-13 03:37:58,FALSE,FALSE,"StevenMobile","Dublin, Ireland","en","354090433",11,FALSE,"http://pbs.twimg.com/profile_images/1493964754/Dr0XBIDE_normal"
"10","Just sick and tired of political corruption nepotism & injustice towards ordinary working classes while known scam artists sit in our Dail!",200,896,12508,822,NA,"blackcoffee",2011-02-07 21:17:23,FALSE,FALSE,"blackcoffeecup","Dublin Ireland","en","248849381",22,FALSE,"http://pbs.twimg.com/profile_images/913696035398209537/cCbtZ36s_normal.jpg"
"11","From Waterford Ireland. Background in Multinational Management. Interested in rugby, golf, heritage and honesty in politics - though not tilting at windmills!!",95504,2597,23769,2316,NA,"Brian Hodge",2011-02-12 12:32:24,FALSE,FALSE,"ebhodge","Wexford, Ireland","en","251093414",108,FALSE,"http://pbs.twimg.com/profile_images/857740835584081920/KRInwbwm_normal.jpg"
"12","Journalist. Views expressed are my own, more or less",967,575,28,1619,NA,"Colm Ward",2009-10-28 15:44:36,FALSE,FALSE,"ColmJamesWard","Limerick","en","85844563",18,FALSE,"http://pbs.twimg.com/profile_images/774272602080677888/_B6Va80z_normal.jpg"
"13","",232,19,380,66,NA,"Elascol",2011-10-28 23:28:24,FALSE,FALSE,"Elascol","","en","400386652",0,FALSE,"http://pbs.twimg.com/profile_images/626737339788828672/iIBukWmV_normal.jpg"
"14","Official channel for Irish Water. For customer care queries & water service updates follow @IWCare. https://t.co/NO4No2jGtP",22659,21669,392,2530,"https://t.co/aCXKQ2flQ9","Irish Water",2013-02-04 12:00:45,FALSE,TRUE,"IrishWater","Ireland","en","1147795944",117,FALSE,"http://pbs.twimg.com/profile_images/877444273825886208/J15goFjO_normal.jpg"
"15","Views my own. RT not necessarily endorsement.",56398,1631,70806,2515,"https://t.co/1C1X7DVwXA","Kevin Murphy",2015-11-06 23:48:56,FALSE,FALSE,"KMurphyIndep","Killarney, Co.Kerry ","en","4130249369",54,FALSE,"http://pbs.twimg.com/profile_images/953763392560467970/d-aGtwM1_normal.jpg"
"16","#repealthe8th #freeeducation #psychology #research #painmanagement #selfmanagement #cognition #selfregulation #learning #dogs",1090,88,6353,276,NA,"Orlie",2016-03-25 00:58:06,FALSE,FALSE,"orliem00","","en","713168044596576256",0,FALSE,"http://pbs.twimg.com/profile_images/897497809343188996/MBEqTzP3_normal.jpg"
"17","Born in Ireland but spent most of my life abroad.  I write. My stories are about the life I lived. Check out my work on Wattpad. It´s free. Plenty to read-work",228454,3293,57488,3452,NA,"Catherine Vallely",2013-05-09 09:53:19,FALSE,FALSE,"Thebfromtuam","","en","1415126785",214,FALSE,"http://pbs.twimg.com/profile_images/921459047399874560/AaPuh8sZ_normal.jpg"
"18","Anti religion. Pro Choice. Anti corrupt political parties like Fianna Fail, Fine Gael, & Labour Party. A Retweet or a Like is not always an endorsement.",9507,224,11015,152,NA,"Joe Kelly",2014-08-24 00:50:26,FALSE,FALSE,"JoeKChristian","","en-gb","2760967988",2,FALSE,"http://pbs.twimg.com/profile_images/931299575603789825/OzvIzxVN_normal.jpg"
"19","Sick & tired of the status quo in Ireland.  3 kids, married, disillusioned with FF/FG/Lab.  Pro choice & marriage equality.  All views are my own ramblings",108204,5148,76400,4657,"http://t.co/D49U15IQ3n","#ITSNOTACRISIS",2010-04-16 18:35:11,FALSE,FALSE,"wolfiewire","Co Sligo","en","133823609",132,FALSE,"http://pbs.twimg.com/profile_images/899628313899040768/gXCeKxa0_normal.jpg"
"20","I am a mother fighting for the future of my children and my grandchildren. #not1pipe #Right2Water",172936,4019,135866,4978,"http://t.co/paRRY4vbbl","Mary Harrington",2013-03-15 20:23:16,FALSE,FALSE,"maryharryheff","Limerick","en","1270630717",183,FALSE,"http://pbs.twimg.com/profile_images/638091892920582144/j3w19rcg_normal.jpg"
"21","Providing information to individuals and communities on the potential downside of fracking and the harm it can cause.",16359,1445,68958,1716,"http://t.co/myL3MA4PS8","FrackingFreeClare",2013-11-21 23:03:20,FALSE,FALSE,"FrackFreeClare","Ireland","en","2207958690",33,FALSE,"http://pbs.twimg.com/profile_images/914477295825489920/e29xrQYT_normal.jpg"
"22","Legal Eagle by Tom Baldwin column in Irish Star Newspaper-1990. Principal Solicitor at Early & Baldwin Law Firm, Fairview. All opinions expressed are personal.",33887,4078,19346,3511,"https://t.co/eFONQCkquz","Tom Baldwin",2010-10-28 20:15:03,FALSE,FALSE,"LegalEagleStar","Dublin, Ireland","en","209243408",88,FALSE,"http://pbs.twimg.com/profile_images/912178356141117440/Dz7HfPcj_normal.jpg"
"23","i like swimming walking",2291,77,13,39,NA,"SAYS NO",2010-05-11 14:32:13,FALSE,FALSE,"monkstown","dublin","en","142699648",2,FALSE,"http://pbs.twimg.com/profile_images/473454713514360832/VUMQYcRx_normal.jpeg"
"24","i'm me. my views are mostly my own!",1269,179,2338,462,NA,"Eimear Doherty",2009-04-30 15:10:20,FALSE,FALSE,"eimdot","","en","36684204",4,FALSE,"http://pbs.twimg.com/profile_images/866368144352448512/VzUG5Mib_normal.jpg"
"25","Mayo County Council is the local government agency for County Mayo, Ireland.",1604,5795,61,143,"https://t.co/lJVLc3ltCN","Mayo County Council",2010-01-06 11:24:23,FALSE,TRUE,"MayoCoCo","Mayo, Ireland","en","102344386",91,FALSE,"http://pbs.twimg.com/profile_images/614005067/72dpishield_normal.jpg"
"26","Fun, Interesting & Topical T-shirts. A minimum €2 donation to a variety of causes. Some promotional stuff, mostly just being myself... #myresponse",147,64,103,289,NA,"Response .? T-shirts",2017-11-03 09:02:56,FALSE,FALSE,"responseTshirt","Ireland","en","926374122137022464",0,FALSE,"http://pbs.twimg.com/profile_images/931572799927472128/9m0e--Rc_normal.jpg"
"27","Your Life, Your Music",17805,7099,1706,677,"https://t.co/zXINd2Uo6p","Tipp FM",2010-05-12 12:33:55,FALSE,FALSE,"TippFM","Local Radio for Ireland's Premier County","en","143042361",94,FALSE,"http://pbs.twimg.com/profile_images/744980563535269888/FA8HFeVi_normal.jpg"
"28","Love food Love drink. Love life",1291,121,3942,608,NA,"steve16136",2009-04-03 15:38:29,FALSE,FALSE,"steve16136","Cork, Ireland","en","28587090",1,FALSE,"http://pbs.twimg.com/profile_images/873542138319056897/B5LnjEQp_normal.jpg"
"29","Dad, husband, communications specialist and life long learner. Loves: Reading to my daughters, the West of Ireland, and all things Mayo. Works for Irish Water.",40,14,39,103,NA,"Sean Corrigan",2018-02-24 21:50:08,FALSE,FALSE,"SeanC_Mayo","Castlebar, Co Mayo","en-gb","967517022031630336",0,FALSE,"http://pbs.twimg.com/profile_images/967519574873788417/LncB3ARp_normal.jpg"
"30","Knockmore, Mayo. These are my own words. Farming. Fashion. Sports. Craic. in no particular order.",14280,932,2528,975,NA,"Laurita Blewitt",2009-02-26 09:28:21,FALSE,FALSE,"lauritablewitt","Mayo, Ireland","en","21993595",14,FALSE,"http://pbs.twimg.com/profile_images/818225769851813889/JLcPx6pU_normal.jpg"
"31","@fiannafailparty TD for Mayo and Spokesperson on Public Expenditure and Reform",9942,8401,13108,3161,"https://t.co/CNHeQvlvwW","Dara Calleary",2009-08-20 08:56:05,FALSE,TRUE,"daracalleary","Mayo","en","67268150",208,FALSE,"http://pbs.twimg.com/profile_images/726717886941782017/tWyGeDli_normal.jpg"
"32","Sinn Féin Councillor for Kanturk/Mallow LEA",3606,692,669,873,NA,"Melissa Mullane",2014-01-07 20:07:25,FALSE,FALSE,"Mullane4county","Co Cork","en","2267525014",13,FALSE,"http://pbs.twimg.com/profile_images/499323694465175554/YAX9dk4h_normal.jpeg"
"33","",9080,559,2708,1555,NA,"Meath Sinn Fein",2016-05-25 14:21:05,FALSE,FALSE,"FeinMeath","Meath, Ireland","en","735475781695090689",16,FALSE,"http://pbs.twimg.com/profile_images/938765210323521537/eX8aEoH5_normal.jpg"
"34",".....................",9890,625,7900,2875,NA,"Edward Fennessy",2015-03-28 15:00:46,FALSE,FALSE,"fennessy_edward","Meath, Ireland","en","3124057420",12,FALSE,"http://pbs.twimg.com/profile_images/904037199578095616/nJjEdum-_normal.jpg"
"35","Meath County Council is the primary unit of Local Government in County Meath. See our social media comment policy here:
http://t.co/66vhI5Uoa0",7898,7313,382,356,"http://t.co/A9ykLmvvzQ","Meath County Council",2010-01-08 11:57:11,FALSE,FALSE,"meathcoco","Meath, Ireland","en","102963544",104,FALSE,"http://pbs.twimg.com/profile_images/1606073089/meathcoco_normal.jpg"
"36","I used to be a liberal but apparently I have become a libertarian.  Only cultural Marxists are liberal these days.",1254,38,160,95,NA,"John Cunningham",2010-07-03 16:57:30,FALSE,FALSE,"bluenbo","","en","162428303",0,FALSE,"http://pbs.twimg.com/profile_images/957343450055233536/GCLDJldt_normal.jpg"
"37","<ed><U+00A0><U+00BC><ed><U+00B7><U+00AE><ed><U+00A0><U+00BC><ed><U+00B7><U+00AA><ed><U+00A0><U+00BC><ed><U+00B7><U+00B3><ed><U+00A0><U+00BC><ed><U+00B7><U+00B1> I meet the world by travelling to destinations | #TBEX | Digital sales | Account manager | Social Media | B.A. Psychology | Msc Digital media & design",14662,13508,5133,14808,"https://t.co/y0uXxwhIbJ","On the road with Bianca",2009-06-15 21:11:49,FALSE,FALSE,"welgraaf","Ireland","en","47445891",418,FALSE,"http://pbs.twimg.com/profile_images/895916768807575552/g_nBJL3p_normal.jpg"
"38","Still alive. Getting a polytunnel. <ed><U+00A0><U+00BC><ed><U+00BD><U+008E><ed><U+00A0><U+00BC><ed><U+00BD><U+008F>",24,14,0,58,NA,"Paul Rumgay <ed><U+00A0><U+00BC><ed><U+00B7><U+00A8><ed><U+00A0><U+00BC><ed><U+00B7><U+00AE> <ed><U+00A0><U+00BC><ed><U+00BC><U+00BB>",2012-05-30 18:51:03,FALSE,FALSE,"PaulRumgay","Wexford, Ireland","en","594814898",0,FALSE,"http://pbs.twimg.com/profile_images/2263963279/BLADE_EYE_normal.jpg"
"39","",1767,63,1870,216,NA,"Brian C O'Connell",2009-06-12 09:29:04,FALSE,FALSE,"Rholands","","en","46618202",0,FALSE,"http://abs.twimg.com/sticky/default_profile_images/default_profile_normal.png"
"40","",15676,282,10017,243,NA,"TRUTH BE TOLD",2014-01-26 21:01:46,FALSE,FALSE,"truthbetold_irl","","en","2306445983",4,FALSE,"http://abs.twimg.com/sticky/default_profile_images/default_profile_normal.png"
"41","Cosplayer / Beauty. Come to me https://t.co/MeJoW7MJYi",45,67,239,289,NA,"Catherine Gate",2010-09-26 01:34:39,FALSE,FALSE,"melodymelo","Olean, NY","en","195186511",0,FALSE,"http://pbs.twimg.com/profile_images/969976443932471297/CLvGLo-h_normal.jpg"
"42","Champion for #water #genderequity. Chief Communications and Marketing Officer at @Ervia @IrishWater ~ Former advertising agency CEO. Home holiday junkie.",12195,5158,1652,5083,NA,"Orlaith Blaney",2009-06-29 20:20:44,FALSE,FALSE,"orlaithblaney","Dublin, Ireland ","en","52175657",110,FALSE,"http://pbs.twimg.com/profile_images/785067737039142912/TbJgn3ue_normal.jpg"
"43","",45,43,165,44,NA,"Sunil Thomas",2012-04-25 04:43:06,FALSE,FALSE,"suneilthomas","","en","562677147",0,FALSE,"http://pbs.twimg.com/profile_images/705787136755310592/hQD__S8K_normal.jpg"
"44","Marketing, Events and PR professional. An avid reader, foodie and sports fan with leanings towards Francophilia.",227,115,724,506,NA,"AdrienneFerguson",2008-07-15 08:29:34,FALSE,FALSE,"AdrienneHickey","Dublin","en","15438343",1,FALSE,"http://pbs.twimg.com/profile_images/3156594343/b561fb7562b1ef768287d4653ff6bd3d_normal.jpeg"
"45","New England's innovative distributor of #beer, #wine and #liquor. Never met a #cocktail we didn't enjoy! Must be 21+ to follow/comment.",5494,2039,4497,3431,"https://t.co/3VEe7XlmOn","Horizon Beverage",2012-07-03 22:11:46,FALSE,FALSE,"horizonbeverage","MA-RI-NH-ME-VT","en","626012268",82,FALSE,"http://pbs.twimg.com/profile_images/738080323582480384/n_rsdnqa_normal.jpg"
"46","Interested in Sport, Politics & Art. F1, Rugby, Economy, Ireland and World affairs. F1 Politics even! Newspapers are important. Opinions mine, etc.",17237,354,51395,621,NA,"Roland Keogh",2013-05-10 10:06:08,FALSE,FALSE,"re_keogh","Ireland, Europe, Earth","en","1417689816",14,FALSE,"http://pbs.twimg.com/profile_images/945651899663028225/koXYCP-p_normal.jpg"
"47","Official Twitter account of Limerick City and County Council. This account is monitored during office hours. Out of hours emergency number: +353 61 417 833",5640,10199,2838,593,"http://t.co/NRsZ6OWiV5","Limerick Council",2010-01-11 10:46:03,FALSE,TRUE,"LimerickCouncil","Limerick, Ireland","en","103821532",133,FALSE,"http://pbs.twimg.com/profile_images/854607148906663937/IcWNk-bm_normal.jpg"
"48","I like to talk about life, politics, funny stuff and video games. Lets go! Opinions are my own.",5933,57,5666,476,"https://t.co/uqEbrojRQj","Gary On Gaming",2011-06-16 19:40:10,FALSE,FALSE,"GaryOnGaming","Ireland","en","318621685",4,FALSE,"http://pbs.twimg.com/profile_images/904646044172079104/gkzDjPh5_normal.jpg"
"49","Official Tweets from Dún Laoghaire-Rathdown County Council
Phone: 012054700 or email commsoffice@dlrcoco.ie (Not monitored on a 24 hour basis).",10271,9688,3156,3412,"http://t.co/WhMphQhsbt","dlrcc",2012-10-16 14:49:46,FALSE,FALSE,"dlrcc","Dun Laoghaire-Rathdown","en","884593428",106,FALSE,"http://pbs.twimg.com/profile_images/949270200834314240/ko6_hSR5_normal.jpg"
"50","",1465,119,2076,346,NA,"Ian Walsh",2013-10-31 23:39:09,FALSE,FALSE,"Ianwalsh79","","en","2167426388",2,FALSE,"http://pbs.twimg.com/profile_images/616760004792684544/KMyuUgvq_normal.jpg"
"51","Digger. I study and write about TV, Film, popular cultures. Tweets are reflective of personal views only.",1713,75,2515,227,NA,"Paula Gilligan",2017-06-28 13:48:12,FALSE,FALSE,"Pgillign1","","en","880060263764029440",0,FALSE,"http://pbs.twimg.com/profile_images/880061688837492736/ph4dZuP9_normal.jpg"
"52","Nothing here",19530,516,12934,655,NA,"Kevin Maher",2009-12-04 15:47:51,FALSE,FALSE,"templemore85","Murroe, Limerick","en","94582905",27,FALSE,"http://pbs.twimg.com/profile_images/604943456482533376/DAGlWtkk_normal.jpg"
"53","",88446,2198,35388,1467,NA,"The Raven",2010-04-15 15:15:08,FALSE,FALSE,"TheRavenxx","","en","133344166",88,FALSE,"http://pbs.twimg.com/profile_images/623676312595640321/yxgylLkS_normal.png"
"54","#FreeFreePalestine, equality, freedom of expression. Anti quangos, current Irish political system. Anti 'bailout'. RTs not endorsement. Follow @whistleIRL",111556,4883,17332,5369,NA,"Gemma",2009-06-08 16:49:17,FALSE,FALSE,"wickedfairysad","","en","45608788",205,FALSE,"http://pbs.twimg.com/profile_images/735814948304097280/sWmTLzCI_normal.jpg"
"55","",19213,863,9383,1097,NA,"Thomas",2012-04-10 15:10:30,FALSE,FALSE,"Sea__Solitude","Ireland","en","550188352",16,FALSE,"http://pbs.twimg.com/profile_images/954489628484096001/P4Lx3EV5_normal.jpg"
"56","",1992,131,3796,199,NA,"Rubeena",2010-08-08 04:10:07,FALSE,FALSE,"Rubeejack","","en","175963344",2,FALSE,"http://pbs.twimg.com/profile_images/724378783369826304/1W7v-LbD_normal.jpg"
"57","9000+ people without a home in 2018. Irelands shame. Poverty is a crime and social equality is the solution. April 7th",28434,779,29340,574,NA,"angryirish",2014-11-27 15:45:27,FALSE,FALSE,"greenshame","Ireland","en-GB","2894787904",20,FALSE,"http://pbs.twimg.com/profile_images/902189087867760640/sCnqJw4R_normal.jpg"
"58","",169633,1902,24076,1582,NA,"peter hegarty",2010-03-31 16:00:35,FALSE,FALSE,"countryboy606","dublin / donegal","en","128258493",101,FALSE,"http://pbs.twimg.com/profile_images/2640527625/e46b7544c277e1afc3f29c6b547e63b1_normal.jpeg"
"59","Radio Telifís Establishment | Not @Rtenews | #RTEBias | #Liveline | #RTEpt | #Marian | #twip | #CBLive | Donnybrook Dinnybots |",217867,11401,173279,7428,"https://t.co/bFcI4lc6ss","RTÉ Fact Check<ed><U+00A0><U+00BD><ed><U+00B2><U+00AF>",2009-03-15 10:28:23,FALSE,FALSE,"IrelandUncut","#DubMon","en","24508623",285,FALSE,"http://pbs.twimg.com/profile_images/972053373502533634/cww1g163_normal.jpg"
"60","As for human beings their days are numbered
and whatever they keep trying to achieve is but wind!
You are afraid of death what has become of your bold strength?",34203,3004,36465,2851,NA,"Gilgamesh",2014-04-14 22:45:24,FALSE,FALSE,"GmeshKingOfUruk","Under the Firmament","en","2485189697",99,FALSE,"http://pbs.twimg.com/profile_images/734466984772001792/2I2NUDyO_normal.jpg"
"61","There is a basket of fresh bread on your head, yet you go door to door asking for crusts. - Rumi. Explorer. Conduit. Seed sower. Lighthouse. Lightworker. Orator",152695,2472,40639,741,"https://t.co/IVvdkGdZkR","G(od) No relation",2010-08-26 16:02:32,FALSE,FALSE,"Flaganatas","spontaneous-evolution.com","en","183272752",181,FALSE,"http://pbs.twimg.com/profile_images/762383625249841152/6vW9yCN0_normal.jpg"
"62","Mr. Dooley's Boston Tavern, known to many as “Dooley's,” opened its door in 1991 and has become the place to meet for “A Pint and A Chat” in downtown Boston.",33,41,1,93,"https://t.co/OMlGJIFO5x","Mr. Dooley's Boston",2017-09-07 14:49:28,FALSE,FALSE,"DooleysBoston","Boston, MA","en","905805222798389249",0,FALSE,"http://pbs.twimg.com/profile_images/905806516976062465/JHMdO9Md_normal.jpg"
"63","Also known as Jack. Musician. Published writer. Irish  child abuse survivor (Smyly Homes)  Outside the box. No Jack in the box.",151440,1003,67463,538,"http://t.co/gMNvyVou8G","jackie colleton",2011-07-23 12:31:56,FALSE,FALSE,"jackcolleton","","en","340875095",178,FALSE,"http://pbs.twimg.com/profile_images/534170074702036992/BGjLaZsS_normal.jpeg"
"64","Exposing corrupt Irish media which lies for criminal politicians. 

Boycott the #RTEbias TV License Tax",146640,11272,4680,1307,"https://t.co/yI3r93k2PR","Revolution<ed><U+00A0><U+00BD><ed><U+00B0><U+008A>",2012-05-01 23:23:57,FALSE,FALSE,"Revolution_IRL","Dublin City, Ireland","en","568624483",178,FALSE,"http://pbs.twimg.com/profile_images/914501166591102977/JiBIw5fQ_normal.jpg"
"65","Country v Member State, Democracy v Economy.",34132,869,7188,1087,NA,"Gordon",2010-11-01 13:56:49,FALSE,FALSE,"gordonLunar","Clare, Ireland","en","210818625",36,FALSE,"http://pbs.twimg.com/profile_images/835798569298890753/wMIKLK4c_normal.jpg"
"66","",36898,137,35787,28,NA,"George Eyers",2016-02-29 08:49:16,FALSE,FALSE,"EyersGeorge","","en","704226920297328640",32,FALSE,"http://abs.twimg.com/sticky/default_profile_images/default_profile_normal.png"
"67","",1078,144,59146,1059,NA,"Rosemarie Mc Nutt",2011-05-22 16:31:46,FALSE,FALSE,"McRosemarie","","en","303294366",0,FALSE,"http://pbs.twimg.com/profile_images/970925537077202944/BsMIxCu1_normal.jpg"
"68","",673,26,728,145,NA,"David McDonnell",2009-08-26 08:57:44,FALSE,FALSE,"mcdonnda","Dublin","en","68936115",0,FALSE,"http://pbs.twimg.com/profile_images/3221050211/04555ddfb641b8bef4fc500e97d8c0d9_normal.png"
"69","",7336,224,5929,1145,NA,"anonjohn",2016-01-01 15:20:26,FALSE,FALSE,"anonjohn3","","en","4690051244",13,FALSE,"http://pbs.twimg.com/profile_images/690334587713667072/wGIiDDgS_normal.jpg"
"70","Parliamentary Assistant to Luke 'Ming' Flanagan MEP; occasional author (Hurling, The Warrior Game; Club, Sweat & Tears) http://t.co/Sgk2E2hlDs",36404,7711,8131,729,"http://t.co/qXW8NqJAlN","Diarmuid O'Flynn",2011-03-02 20:04:51,FALSE,FALSE,"ballyhea14","","en","259885449",139,FALSE,"http://pbs.twimg.com/profile_images/1347982898/cropped_twitter_normal.jpg"
"71","Dorothy ;how can you talk if you havent got a brain? Scarecrow ;some people without brains do an awful lot of talking !!!",6928,1010,2092,2704,NA,"noel maguire",2009-06-27 11:13:37,FALSE,FALSE,"noelmaguireirl","cobh. cork irl ","en","51411932",8,FALSE,"http://pbs.twimg.com/profile_images/285311747/Picture_005_normal.jpg"
"72","Driving prosperity supporting entrepreneurs to expand Ireland's dynamic entrepreneurial ecosystem to the border, rural Ireland, NI & beyond. @EmpoweringChnge",7907,1717,4380,1740,"http://t.co/3whgHxvkUN","Eve Earley",2009-11-09 21:35:37,FALSE,FALSE,"EveEarley","Ireland","en","88767624",146,FALSE,"http://pbs.twimg.com/profile_images/624252710208974848/eYI8Gjy__normal.jpg"
"73","Opinions my own and tough if u don't like them , I hate what this govt has done to ordinary people , hate how they make the poor pay for the sins of the rich .",10544,2446,718,3200,NA,"Eamon Melia",2012-12-13 11:52:43,FALSE,FALSE,"EamonMelia","","en","1008640118",19,FALSE,"http://pbs.twimg.com/profile_images/968968825436852224/d_aE_Aja_normal.jpg"
"74","",700,43,877,85,NA,"Pat Garvey",2009-05-17 18:07:41,FALSE,FALSE,"Patsy091","","en","40704864",0,FALSE,"http://pbs.twimg.com/profile_images/889376346933153793/tgjeT18q_normal.jpg"
"75","Times are gone for honest men...",1813,395,18560,934,NA,"Brian O'Faolain",2012-01-11 01:14:37,FALSE,FALSE,"brianphelan77","Dublin, Ireland","en","460693133",1,FALSE,"http://pbs.twimg.com/profile_images/960615181977116672/tNnRimmT_normal.jpg"
"76","",11753,110,5610,566,NA,"Marley McDermott",2011-04-19 09:19:30,FALSE,FALSE,"kilgefin","","en","284451566",7,FALSE,"http://pbs.twimg.com/profile_images/969868415866490880/EC-kaRHM_normal.jpg"
"77","the early bird catches the worm...but the second mouse gets the cheese",520,6,2065,44,NA,"steve",2014-07-26 08:52:24,FALSE,FALSE,"kiwibollox","","en","2725025717",0,FALSE,"http://pbs.twimg.com/profile_images/941410773204656129/GvOviUbW_normal.jpg"
"78","",104235,52,3,10,NA,"Colm",2010-07-31 01:10:53,FALSE,FALSE,"Cleggan1","Cleggan","en","172947702",7,FALSE,"http://abs.twimg.com/sticky/default_profile_images/default_profile_normal.png"
"79","Limerick Ireland",78209,1885,6299,1705,NA,"gfm101",2011-03-31 13:04:36,FALSE,FALSE,"gfm101","Ireland","en","275005312",104,FALSE,"http://pbs.twimg.com/profile_images/916383138770800641/_fwiRDkV_normal.jpg"
"80","Anti war, austerity and oppression. Love travel, culture, animals and a believer in good red wine.",12190,158,9749,145,NA,"Pauline mc",2016-09-07 10:52:27,FALSE,FALSE,"Paulinemcmulle7","Morocco","en","773474004506140673",2,FALSE,"http://pbs.twimg.com/profile_images/848538270774505474/0ZrDN3BP_normal.jpg"
"81","",57353,755,28132,2361,NA,"Joe Smith",2009-08-06 17:40:48,FALSE,FALSE,"lorcafan","","en","63491097",61,FALSE,"http://pbs.twimg.com/profile_images/948490408585285633/IGPd_rKJ_normal.jpg"
"82","https://t.co/hkEswvVMIz",38944,735,49291,276,NA,"IrishIndependent",2016-09-07 22:54:42,FALSE,FALSE,"SrTz7Yo3O6SqGpq","Dublin","en-gb","773655762715508737",37,FALSE,"http://pbs.twimg.com/profile_images/959925807870246913/s4fkNblq_normal.jpg"
"83","Our vision that Ireland significantly reduces its quantity of vacant homes. #RebuildingIreland An Action Plan for Housing and Homelessness. info@vacanthomes.ie",1875,1254,16841,1523,"https://t.co/UW7hOHZjSP","VacantHomes.ie",2017-04-06 08:13:12,FALSE,FALSE,"VacanthomesIRL","Ireland","en","849897765689843713",10,FALSE,"http://pbs.twimg.com/profile_images/849906935910543361/cnqyegXv_normal.jpg"
"84","Interested in current affairs and interesting opinions. Don't want to know what you had for breakfast!",21429,346,22468,364,NA,"Mary O Riordan",2014-08-25 15:37:59,FALSE,FALSE,"MCOR1963","Co Kerry","en","2766778483",34,FALSE,"http://abs.twimg.com/sticky/default_profile_images/default_profile_normal.png"
"85","#Vote4Change or accept that society will continue to suffer. RTs not always endorsements & likes are not always ....erm...likes.",62795,4670,102362,5029,NA,"Sean O'Mathuna",2014-11-18 22:41:46,FALSE,FALSE,"johnom318","Right here, always right here.","en","2883227229",92,FALSE,"http://pbs.twimg.com/profile_images/962358326762799104/oS-MMGe1_normal.jpg"
"86","War violates the order of nature,and fathers bury sons: Herodotus",310990,4150,180469,4990,NA,"AK",2012-07-04 18:42:03,FALSE,FALSE,"andreakirwan","","en","626682905",497,FALSE,"http://pbs.twimg.com/profile_images/947889889030393857/Bl-m_TJ__normal.jpg"
"87","Easy going guy, passionate about music and politics. Hates all social injustice and gobshites that appear on my television.! Ex lifetime supporter of Lab party,",80515,21923,48358,22468,"http://t.co/nzkybkDyWJ","Ger Mccann",2014-07-23 04:40:35,FALSE,FALSE,"ger_mccann","","en","2721410961",151,FALSE,"http://pbs.twimg.com/profile_images/564140832220270592/78D05MFI_normal.jpeg"
"88","Care about social justice & equality. Change begins w/me to try. 
#repealthe8th
#SeparateChurchAndState NO 2 #CETA",12081,748,47948,1936,NA,"Connie",2014-01-26 07:27:13,FALSE,FALSE,"Connie_2017","Dublin City, Ireland","en","2305138978",13,FALSE,"http://pbs.twimg.com/profile_images/960172824030662657/K1HYOK7O_normal.jpg"
"89","Shamrock Rovers F.C.,Member,and supporter.",1531,558,12441,1576,NA,"tony orr",2014-08-03 00:10:04,FALSE,FALSE,"tonyorr55","dublin.12.","en","2702057448",3,FALSE,"http://pbs.twimg.com/profile_images/496017489298325504/MOdg9jNj_normal.jpeg"
"90","Fight the odious debt inflicted on us - https://t.co/9oHgmxmLr3",204976,3955,138059,3984,NA,"Babs",2009-05-03 07:35:47,FALSE,FALSE,"babsbear","","en","37384635",142,FALSE,"http://pbs.twimg.com/profile_images/968572579945566215/sLvFHlmX_normal.jpg"
"91","Meme me me me me meme me me me me meme me me me me meeeeeee",22384,853,9257,3104,"https://t.co/wZovtWKwqS","Bitcoin Baby",2011-10-13 10:58:47,FALSE,FALSE,"alanphelo","Gombeenland, Eire","en","390032518",17,FALSE,"http://pbs.twimg.com/profile_images/937330113397624832/YeizGoel_normal.jpg"
"92","Older and bolder,not a feminist or masculinest equal rights for all men women and children,rich and poor.",94338,1692,23343,1646,NA,"Anne McMahon",2013-05-22 22:25:20,FALSE,FALSE,"anbealach","","en","1450021916",121,FALSE,"http://pbs.twimg.com/profile_images/3745970702/3cac17aba4ac94ecb416028d8371b98c_normal.jpeg"
"93","Love Ireland,Scotland and all things Celtic, Despise those that take from those that most need it,My Hero Is Br Walfrid HH A Giver to the Poor.",25150,525,8812,498,NA,"Eire Abu 32",2015-11-30 17:11:31,FALSE,FALSE,"dublinpaddy22","Ireland","en","4330959017",20,FALSE,"http://pbs.twimg.com/profile_images/952978760948703232/-BFHPRIh_normal.jpg"
"94","",2161,130,4943,188,NA,"Ann-Marie",2011-09-08 19:12:13,FALSE,FALSE,"IamColdBear","Cork, Ireland","en","370278657",20,FALSE,"http://pbs.twimg.com/profile_images/875850151046369284/Wbh5APNw_normal.jpg"
"95","We are the Biggest growing EU economy, Yet People,with no homes & Food shortage After years of bad policies Next GE I want real change EQUALITY for all needed",63276,817,24307,939,NA,"oliver robin",2016-12-03 15:20:18,FALSE,FALSE,"orobin88","Ireland","en","805069154680242176",24,FALSE,"http://pbs.twimg.com/profile_images/841639126139052032/wlvaOzJu_normal.jpg"
"96","Getting older, bolder (and younger) by the day with a belief that stuff happens and talking through asshole from time to time can make you friends......I think!",90826,2380,1507,2881,NA,"(((Rasher)))",2010-03-07 00:55:06,FALSE,FALSE,"strumpetcity","Cabra West Dublin","en","120614409",97,FALSE,"http://pbs.twimg.com/profile_images/972613649373151232/Ts5P0g3S_normal.jpg"
"97","",82583,531,69272,130,NA,"Mary Wallace",2015-01-11 21:04:35,FALSE,FALSE,"marywallace07","","en","2975392255",65,FALSE,"http://abs.twimg.com/sticky/default_profile_images/default_profile_normal.png"
"98","6.022x10^23 of ideas
Some RTs are pure Facepalms, some are not
Why do I need to tell you this?",43255,616,56,260,"https://t.co/PYZ2jvjFHF","Faux Mole",2012-04-11 15:24:50,FALSE,FALSE,"FauxMole","IrishWaterMistakes.blogspot.ie","en-gb","551078602",82,FALSE,"http://pbs.twimg.com/profile_images/445268003093884930/yS5DyW_S_normal.png"
"99","A lover of life and a shameless lefty,  #FREEPALESTINE",116975,3895,2515,3237,NA,"Bear #freePalestine",2011-02-03 10:26:18,FALSE,FALSE,"bearyear","","en","246725820",153,FALSE,"http://pbs.twimg.com/profile_images/945404669911883776/9tbRWv3R_normal.jpg"
"100","IFB Please Follow  @fhathast_tha            @IsThisAB0t               @johnjoechad     @kevindblanch      @ddtayside  #greatawakening 
   #internetbillofrights",81379,8476,24309,8432,NA,"<ed><U+00A0><U+00BD><ed><U+00BB><U+00A1><U+FE0F>SovereignbyBirth",2012-02-06 12:53:17,FALSE,FALSE,"sensimeliajah","glasgow","en","484743079",40,FALSE,"http://pbs.twimg.com/profile_images/927460996616196096/7wZE2MzH_normal.jpg"
"101","Old wise head, loves Family, Comedy, Ireland, Politics, @socdems member Share love & a laugh #Repealthe8th",22934,1810,12356,4960,NA,"Fionnuala",2009-03-08 14:34:05,FALSE,FALSE,"Fionnuala____","Kildare, Ireland","en","23312816",64,FALSE,"http://pbs.twimg.com/profile_images/972609989893177346/WodqhZZy_normal.jpg"
"102","The two most successful outlaws in the history of the West",6486,185,8318,395,NA,"AliasSmith&Jones",2011-06-24 13:41:36,FALSE,FALSE,"laughinglashes","1870's Arizona","en","323228604",0,FALSE,"http://pbs.twimg.com/profile_images/826255921194078208/MZNECeAU_normal.jpg"
"103","",61,47,79,184,NA,"Elaine Carroll",2009-04-08 09:09:12,FALSE,FALSE,"elacarroll","Dublin, Ireland","en","29679453",0,FALSE,"http://pbs.twimg.com/profile_images/766951723395125253/LdaA943r_normal.jpg"
"104","#ernest  Online seller, welcome to visit my shop,https://t.co/yUenDog4bC",65259,3579,248,4992,"https://t.co/XFmCu7UDv5","ernest",2009-03-18 13:38:03,FALSE,FALSE,"ernest2385","Hong Kong","en","25072674",32,FALSE,"http://pbs.twimg.com/profile_images/779443536106172416/uFaWZfV2_normal.jpg"
"105","<U+25CF><U+3055><U+307E><U+3056><U+307E><U+306A><U+60A9><U+307F><U+3084><U+30B9><U+30C8><U+30EC><U+30B9><U+3092><U+6539><U+5584><U+3067><U+304D><U+308B><U+30D6><U+30ED><U+30B0><U+3092><U+591A><U+6570><U+904B><U+55B6>https://t.co/OSlq7Do4jG
#<U+60A9><U+307F> #<U+6539><U+5584> #<U+30D6><U+30ED><U+30B0> #<U+591A><U+6570> #<U+904B><U+55B6> #<U+30B9><U+30C8><U+30EC><U+30B9> #<U+89E3><U+6D88> #<U+30B9><U+30C8><U+30EC><U+30B9><U+89E3><U+6D88>
<U+25CF>seesaa<U+30D6><U+30ED><U+30B0><U+306F><U+300C><U+30B3><U+30F3><U+30D7><U+30EC><U+30C3><U+30AF><U+30B9><U+89E3><U+6D88><U+300D><U+306E><U+8A18><U+4E8B><U+306E><U+307B><U+304B><U+3001>#<U+751F><U+6D3B> <U+304A><U+3051><U+308B> #<U+6709><U+529B> #<U+60C5><U+5831> #<U+6E80><U+8F09> #<U+30D6><U+30ED><U+30B0>",49515,4760,13716,2892,"https://t.co/y31iaCNqmo","<U+5CA1><U+672C> <U+52AA>",2016-08-26 11:58:16,FALSE,FALSE,"X1uVAcvjh2Lw0Iz","<U+4EAC><U+90FD><U+5E9C>","ja","769141909419810816",8,FALSE,"http://pbs.twimg.com/profile_images/808234189472419840/gFM7igC3_normal.jpg"
"106","borndumblivelouddiesoundr¡p",6203,183,8183,245,NA,"MCaff re-load",2012-10-28 19:54:50,FALSE,FALSE,"mdecaf","Dublin City, Ireland","en","910996928",15,FALSE,"http://pbs.twimg.com/profile_images/619951607665565696/0qrWTfFN_normal.jpg"
"107","A page where you can find recipes for delicious Cocktails and scrumptious alcohol infused Confections",72,6,0,70,NA,"Cocktails and Confections",2017-12-31 20:40:29,FALSE,FALSE,"YummyCandC","","en","947568161146236929",0,FALSE,"http://pbs.twimg.com/profile_images/947569411765837825/30OcqifJ_normal.jpg"
"108","",64891,483,4392,390,NA,"Linda T Waters",2014-08-17 21:04:47,FALSE,FALSE,"lindawaters_t","","en","2745739018",57,FALSE,"http://pbs.twimg.com/profile_images/954037539396030464/hmSJ507i_normal.jpg"
"109","",55618,112,47413,135,"https://t.co/iDbuqvcDZz","Alice Kelly",2009-03-08 11:31:02,FALSE,FALSE,"dillyday","Belfast, Northern Ireland","en","23300030",2,FALSE,"http://pbs.twimg.com/profile_images/818162388650381312/pb21g8fq_normal.jpg"
"110","Parent, Gooner, Looking forward to another US  Holiday..........",43173,133,94,230,NA,"Paul McBride",2011-04-20 11:01:23,FALSE,FALSE,"3179Arshavin","Ireland","en","285005616",25,FALSE,"http://pbs.twimg.com/profile_images/2515940657/6fbnwwue3esqf45ohqf3_normal.jpeg"
"111","Your health is your wealth, anything else is a bonus.",4655,199,3266,249,NA,"Disillusioned",2009-05-19 19:40:19,FALSE,FALSE,"rainbowsnshine","Ireland","en","41191121",1,FALSE,"http://pbs.twimg.com/profile_images/876752576313790464/lQMTr0RK_normal.jpg"
"112","The Republic guarantees religious and civil liberty, equal rights and equal opportunities of all its citizens and I support and honour that guarantee.",92418,1892,11560,1349,NA,"The Latchico Kid",2014-05-01 21:51:27,FALSE,FALSE,"theLatchicokid","Dublin","en","2473072286",93,FALSE,"http://pbs.twimg.com/profile_images/858063480016048129/IgtVx-IG_normal.jpg"
"113","#Ceta #TTIP and the neocon economy will own the future generations of our families Stop them now",74934,1377,64121,1586,NA,"Steph #CETA",2015-02-20 19:24:51,FALSE,FALSE,"SvtigerStephane","Dublin","en","3047786710",92,FALSE,"http://pbs.twimg.com/profile_images/971007302802296833/dXYb_Ywq_normal.jpg"
"114","Meanwhile, the looting of the citizens continues unabated",500702,5827,236483,6401,NA,"John Finucane",2010-06-24 12:45:53,FALSE,FALSE,"johnjoechad","","en","159095242",796,FALSE,"http://pbs.twimg.com/profile_images/944505533503033344/JzP0ZID4_normal.jpg"
"115","Working guy but completely disgusted at the lack of accountability in this country...",1826,74,3697,204,NA,"Anti Toxic Quango",2018-01-31 17:21:37,FALSE,FALSE,"AntiQuango","","en","958752138041098240",0,FALSE,"http://pbs.twimg.com/profile_images/959588617055277056/rhM5gmz6_normal.jpg"
"116","Independent Irish socialist republican inspired by James Connolly's wisdom, Right2Water & Right2Change political activist, former teacher of media & journalism.",18277,1920,7331,2084,"https://t.co/wu3JFcMyoM","Tom Stokes",2011-02-22 19:12:30,FALSE,FALSE,"_irishrepublic","Ireland","en","256145944",45,FALSE,"http://pbs.twimg.com/profile_images/877127717635969024/H9S47yyd_normal.jpg"
"117","For Better Democracy & No Shady Dealings Sought or Wanted! The UnitedPeople Party Seeks A Fresh Improved Way.",8443,448,669,198,"http://t.co/39wHcSairX","Unitedpeople",2009-02-13 19:23:33,FALSE,FALSE,"Unitedpeople_ie","Ireland","en-gb","20797494",22,FALSE,"http://pbs.twimg.com/profile_images/731922696481722369/sCEk7FHT_normal.jpg"
"118","I'm in Dublin Central and I'm voting the best candidate, Social Democrat, Gary Gannon No1",228910,3341,103274,2337,NA,"Angie Bee",2011-02-04 22:11:51,FALSE,FALSE,"angiebeeb","","en","247484228",138,FALSE,"http://pbs.twimg.com/profile_images/784455646829744128/v3DkRKaL_normal.jpg"
"119","Having lunch - web and graphic designer, @Socdems member",7952,314,4552,825,NA,"Peter Reid",2007-05-23 18:25:56,FALSE,FALSE,"peterkinvara","N 53°9' 0'' / W 8°58' 0''","en","6268052",28,FALSE,"http://pbs.twimg.com/profile_images/973179334671319040/j6KY0Vg0_normal.jpg"
"120","Free range Actrine (RTs not necessarily endorsement) Dublin, Ireland. Currently playing Ger Lawless in THE UNMANAGEABLE SISTERS at the Abbey Theatre, Dublin",23079,1771,7390,1509,NA,"Marion O'Dwyer",2009-02-05 16:57:54,FALSE,FALSE,"MarionDublin","Dublin, Ireland","en","20164005",35,FALSE,"http://pbs.twimg.com/profile_images/834049307523371008/IDpFSq6r_normal.jpg"
"121","just a bunch of cluster b disordered personalities with a phone--------
im anti-everything",13504,849,10628,3887,"https://t.co/gfQMFPFTqD","trolláil ar an Idirlíon",2017-01-11 18:05:27,FALSE,FALSE,"vionnbar","in my head","en","819243843052830731",0,FALSE,"http://pbs.twimg.com/profile_images/962345512446955520/Z_1IBj8__normal.jpg"
"122","#FairyGodmother No wand, many opinions!  #Humanity #Justice #Kindness #MentalHealth #Biz #Tech Co Founder #depressionhurts https://t.co/il6MO8oOPS",158484,5216,86542,4826,"http://t.co/LCz1lC0Ez4","TalentCoop Norah B",2010-11-28 19:53:57,FALSE,FALSE,"TalentCoop","Here & There @121depression","en","220771828",381,FALSE,"http://pbs.twimg.com/profile_images/728197078740934656/7CjlxCus_normal.jpg"
"123","I am an animal activist and human rights activist! I have 4 children and am trying to save humanity one human at a time :)",23618,2622,17070,2414,NA,"#LoveAll",2014-03-01 11:46:27,FALSE,FALSE,"MartinaDunne4","Arklow, Co.Wicklow","en","2366956860",114,FALSE,"http://pbs.twimg.com/profile_images/940296508691308544/rf8eg2EF_normal.jpg"
"124","A goodly knight roaming the internet to challenge, not windmills, but windbags with satireI
""If we shadows have offended, 
Block, unfolllow and all is mended,",5670,2105,6258,3069,NA,"Henry Gethings",2013-12-31 18:00:51,FALSE,FALSE,"GethingsH","","en","2270665668",106,FALSE,"http://pbs.twimg.com/profile_images/736896992295583744/jw-nJEw5_normal.jpg"
"125","themoriartytribunal was my old account, but twitter locked it.

starting again with this one!",15181,843,27442,1297,NA,"#REDACTEDownsYOU",2017-07-14 18:53:22,FALSE,FALSE,"berkieahern2","","en","885935266233548800",4,FALSE,"http://pbs.twimg.com/profile_images/937040679599005698/3MxiDyy6_normal.jpg"
"126","I am an OAP.  Older, wiser. & around long enough not to trust Politicians, Bankers and Builders.",49019,4217,90367,2534,NA,"Horsey Matilda",2011-05-10 10:13:34,FALSE,FALSE,"horseymatilda","","en","296181951",59,FALSE,"http://pbs.twimg.com/profile_images/948259839406428160/QcghZoGK_normal.jpg"
"127","Interested in Social Justice - campaign against water privatisation and homeless crisis. Member of #SocDems #not1pipe #not1home #MyNameIs campaign.",61365,7378,49880,5815,"https://www.youtube.com/watch?v=HQUPRZru_Z0","Mick Caul",2011-05-25 14:22:44,FALSE,FALSE,"caulmick","Dublin,Ireland","en","305023825",96,FALSE,"http://pbs.twimg.com/profile_images/972555009979289602/rVbdD24s_normal.jpg"
"128","Lover of the little things in life. Makeup Artist. <ed><U+00A0><U+00BD><ed><U+00B2><U+0084>
#ME (Myalgic Encephalomyelitis) + osteoarthritis awareness campaigner. 
Watchful eye on corrupt politics !",23289,1535,64353,1797,NA,"Camilla Cruise",2009-10-04 16:33:51,FALSE,FALSE,"camcruise","Dublin","en","79769477",86,FALSE,"http://pbs.twimg.com/profile_images/934566464048295936/yCH_db8g_normal.jpg"
"129","Love life laughs & loved ones. Making pictures always enriches my life. For prints & and other info email ppaassiivvee@gmail.com or just PM me.",11619,526,16404,2252,"https://t.co/1eAyV0Fd5N","Ade Long",2013-10-03 19:18:59,FALSE,FALSE,"fourwheelsbad69","lombardstown cork ireland","en","700589027",25,FALSE,"http://pbs.twimg.com/profile_images/934508842498646016/aHeoaJsi_normal.jpg"
"130","Animal lover LFC supporter Mam to 3 #nonbeliever",37960,1112,79506,1773,NA,"Mar",2011-12-21 20:05:42,FALSE,FALSE,"mar_lfc","ireland","en","443086827",75,FALSE,"http://pbs.twimg.com/profile_images/884696995243458560/v_NLEotH_normal.jpg"
"131","Hard pressed taxpayer. I'm Irish so I am fleeced for everything. Incensed at incompetent governance and systematic corruption. #SocDems have my vote....for now.",43924,1366,44055,1050,NA,"Pillar_Citizen",2014-11-03 11:31:07,FALSE,FALSE,"Pillar_Citizen","Ireland","en","2858687471",79,FALSE,"http://pbs.twimg.com/profile_images/950646760329940992/xvSQ6-ti_normal.jpg"
"132","Pro Palestine-- anti fascism- anti racism -Celtic supporter -Pro choice Sinn Fein Member -  repeal the 8th",42044,1138,27863,1775,NA,"Noeleen O Hagan",2015-01-06 15:03:17,FALSE,FALSE,"HaganNoeleen","North County Dublin","en","2964285299",98,FALSE,"http://pbs.twimg.com/profile_images/916232083961458688/oHNN51Gx_normal.jpg"
"133","I:E I D BBAG BdB ABA I GEDG A I B B AGEI",13843,243,9881,460,NA,"Cormac Leane",2013-02-07 10:03:47,FALSE,FALSE,"cormacleane","","en","1156684855",16,FALSE,"http://pbs.twimg.com/profile_images/873615087977758720/qNAeNUtO_normal.jpg"
"134","Proud Irish Republican, all of my life. GAA ( Austin Stacks & Kerry ) & Rugby ( Munster & Ireland ) enthusiast. ‘Tiocfaidh ár lá’",40557,777,35518,1350,NA,"Eddie Barrett<ed><U+00A0><U+00BD><ed><U+00B0><U+008A>",2009-11-18 17:10:07,FALSE,FALSE,"EDDIEBARRETT","Co. Kerry , Ireland","en","90912115",40,FALSE,"http://pbs.twimg.com/profile_images/892488622460592128/FN_vBckJ_normal.jpg"
"135","A United Ireland 2018 <ed><U+00A0><U+00BC><ed><U+00B7><U+00AE><ed><U+00A0><U+00BC><ed><U+00B7><U+00AA> for freedom of corruption in Irish Government. Freedom of speech and No bias..Remove elite's who have destroyed Ireland freedom",8676,1510,38285,2656,NA,"Seánie D for freedom",2016-01-13 12:39:04,FALSE,FALSE,"UnitedEire2016","United Ireland ","en","4794094167",77,FALSE,"http://pbs.twimg.com/profile_images/956216970730524672/pIo0_pLS_normal.jpg"
"136","Professional Impostor. Actor/Writer/Director. TV & Rugby addict. Ireland/Leinster/Ulster/Barca fan.",29707,1020,18076,2911,"https://t.co/Q4okJXXvou","Avril Needham",2009-02-04 12:49:19,FALSE,FALSE,"comagirlx","Ireland/UK","en","20049945",82,FALSE,"http://pbs.twimg.com/profile_images/972778380935413760/wrhGPJFa_normal.jpg"
"137","My point of view is blunt!",16120,2007,16238,2184,NA,"Phyllis Murphy",2010-09-30 11:15:12,FALSE,FALSE,"phylmurphy","Dundalk, Co. Louth","en","196981061",11,FALSE,"http://pbs.twimg.com/profile_images/910878748798537728/7cWiyHhi_normal.jpg"
"138","tweetzilla",10280,578,1607,2132,NA,"Maharg",2014-10-12 16:24:14,FALSE,FALSE,"gegan1987","","en","2825240079",10,FALSE,"http://pbs.twimg.com/profile_images/639866758346747904/RMy-B-Ie_normal.jpg"
"139","Concerned Active Citizen, Founder & elected leader of UnitedPeople. Ireland's new political party. #unitedpeople",16990,671,2314,275,"https://t.co/cseP3O6Yo8","J.Rudd",2013-05-22 12:23:52,FALSE,FALSE,"jeffrudd31","Ireland","en","1448823805",33,FALSE,"http://pbs.twimg.com/profile_images/731923117703090176/b6Usgc7T_normal.jpg"
"140","Physical/mental wellbeing are worsened frm #austerity #disadvantages #unequal #access 2 #employment #education #housing #healthcare #socialcare incl MH Services",37689,1802,60910,1972,NA,"Anti#FFFGAUSTERITY",2014-09-29 08:19:29,FALSE,FALSE,"watbanner","On Line","en","2790978107",277,FALSE,"http://pbs.twimg.com/profile_images/745342410390134789/65KLYC8q_normal.jpg"
"141","Local Government Authority for County Roscommon, Ireland.",1718,3852,545,146,"http://t.co/4u0UuhilC4","Roscommon Co. Co.",2010-01-11 12:55:56,FALSE,TRUE,"roscommoncoco","Roscommon, Ireland","en","103845926",69,FALSE,"http://pbs.twimg.com/profile_images/742321516541513728/_a4SBTsr_normal.jpg"
"142","Rebuilding Ireland is an action-driven plan that will see an increase in the delivery of homes nationwide. This is an initiative of the Government of Ireland.",2309,2936,299,356,"https://t.co/OD5aG4QCHx","Rebuilding Ireland",2016-07-12 13:13:39,FALSE,FALSE,"RebuildingIRL","Dublin City, Ireland","en","752853426049019904",21,FALSE,"http://pbs.twimg.com/profile_images/755335443474948100/WQ9mXKv8_normal.jpg"
"143","Official Julie Twitter page ;)                            
~~   Makeup Artist / student: enjoying all the big and little things life throws my way  ~~",113,119,9,183,NA,"Julie",2012-08-09 17:13:20,FALSE,FALSE,"jujubean_x","Dublin","en","747581432",0,FALSE,"http://pbs.twimg.com/profile_images/2597290499/qc0fjl6v8gj3g1yxxdyw_normal.jpeg"
"144","I love Ireland but I hate the way we are all being taken for mugs",29802,885,38131,2675,NA,"John North",2011-11-13 21:33:58,FALSE,FALSE,"JohnNorth50","Ireland","en","411780032",16,FALSE,"http://pbs.twimg.com/profile_images/743078222657642496/yQWnt30P_normal.jpg"
"145","",26240,138,17255,174,NA,"Mary",2016-12-21 23:24:28,FALSE,FALSE,"staunton1998","","en","811713981496836096",2,FALSE,"http://abs.twimg.com/sticky/default_profile_images/default_profile_normal.png"
"146","DJdcass : funk'punk'soul'n'such live freeform MUSIC
https://t.co/0YtsMJPX2z",9734,420,73,1089,"http://t.co/IiYJuQ3PYK","soulshenanigans",2009-05-15 14:13:43,FALSE,FALSE,"soulshenanigans","Kiltimagh, Mayo, Ireland","en","40247460",19,FALSE,"http://pbs.twimg.com/profile_images/801733694629281792/dFeUwFAl_normal.jpg"
"147","no water in Dublin.  contact your local td",482,17,235,389,NA,"Nicearbhaill",2009-03-09 13:04:35,FALSE,FALSE,"nicearbhaill","Dublin","en","23432029",0,FALSE,"http://pbs.twimg.com/profile_images/2528958514/ijkm5n5ul6cxmqw2q2bj_normal.jpeg"
"148","",13687,439,16677,378,NA,"Wont be silenced",2013-05-04 17:23:46,FALSE,FALSE,"silenced_wont","","en","1402908584",18,FALSE,"http://pbs.twimg.com/profile_images/378800000450782656/beb78eeb51c9b94c46a51c0c297377e8_normal.jpeg"
"149","Legend. Mad thing. General Plamauser. Pure Daycent. Better than UFC fighter. ConorMcGregorist. Professional Backflipper. Unbelievable SyncDJ.
Fictional #daycent",1891,82,2568,262,NA,"Johnny Blue",2016-04-26 10:23:55,FALSE,FALSE,"20johnnyblue","Cork, Ireland","en","724906847648493568",10,FALSE,"http://pbs.twimg.com/profile_images/724912900410871808/rUZJT27w_normal.jpg"
"150","I'm stronger because of my hard times, wiser because of my mistakes, happier because of my sad experiences, and smarter because of my moments of confusion",184897,3647,73846,4934,NA,"Murph #kakistocracy",2012-03-27 08:57:47,FALSE,FALSE,"chezmik","","en","537997043",140,FALSE,"http://pbs.twimg.com/profile_images/968948172079927296/uDyo9tkN_normal.jpg"
"151","Forever student of the Law <ed><U+00A0><U+00BD><ed><U+00B3><U+009A><ed><U+00A0><U+00BD><ed><U+00B6><U+00A4> Life is not the amount of breaths you take, it’s the moments that take your breath away <ed><U+00A0><U+00BD><ed><U+00B6><U+00A4>",1317,190,4058,806,NA,"<U+303D><U+FE0F>Charlene<U+303D><U+FE0F>",2017-04-28 19:23:45,FALSE,FALSE,"__soundwave82","Glasgow, Scotland","en","858039050116231169",1,FALSE,"http://pbs.twimg.com/profile_images/972784995898216448/xQEYxpCH_normal.jpg"
"152","",231987,3257,17860,1010,NA,"Garry Egan",2010-11-18 21:14:36,FALSE,FALSE,"gazzahead","the kingdom of kerry","en","217197823",209,FALSE,"http://pbs.twimg.com/profile_images/853375930974191616/vKoI0A0m_normal.jpg"
"153","Handmade dairy-free chocolate, deliciously decadent. A tempting range of flavours for your indulgence! Click here to buy https://t.co/EA5o9yABcp",333,262,1113,197,"https://t.co/2iJKiQQBM5","Chocolatey Clare",2016-02-29 20:53:19,FALSE,FALSE,"HelloChocolatey","Dublin City, Ireland","en","704409133534089220",8,FALSE,"http://pbs.twimg.com/profile_images/817766910292918274/wvwHcvcJ_normal.jpg"
"154","main interests geopolitics economics national & International & all Human Rights issues-RT are not endorsement",63198,1695,5448,1269,NA,"Mary O'Brien Sheehan",2012-10-21 12:07:58,FALSE,FALSE,"OBrienSheehan","Dublin","en","895234316",119,FALSE,"http://pbs.twimg.com/profile_images/878681462698070016/yiVECf_8_normal.jpg"
"155","Conformity: is doing what everybody else is doing, regardless of what is right. 
Morality: is doing what is right, regardless of what everybody else is doing",10534,431,661,684,NA,"Declan Flynn",2013-04-09 02:19:25,FALSE,FALSE,"flynn_dec","","en","1338086652",13,FALSE,"http://abs.twimg.com/sticky/default_profile_images/default_profile_normal.png"
"156","#LUFC supporter. Prone to scoring a screamer or two for Ballyoulster. All views are my own. Work/Interest In #CCS #Renewables #Biogas",2983,368,771,1373,NA,"Phil Connolly",2010-11-22 23:34:09,FALSE,FALSE,"Filly_10","Ireland","en","218671004",4,FALSE,"http://pbs.twimg.com/profile_images/907934303908220928/-F1Ef1ix_normal.jpg"
"157","History and politics fan.",19199,531,21746,970,NA,"costmdf",2016-02-24 03:50:32,FALSE,FALSE,"MartinCostell16","Ireland.","en","702339800867741696",6,FALSE,"http://abs.twimg.com/sticky/default_profile_images/default_profile_normal.png"
"158","Parent. SME. Grad UCD, TCD, DIT, NUIG. Tired of decades of FFFG incompetence, greed & corruption. #UBI. #SocDems. EU/Irish Political Reform urgently needed.",27315,2164,8398,1902,NA,"ConcernedCitizen",2013-02-24 00:24:29,FALSE,FALSE,"scrahallia","Ireland","en","1214056615",57,FALSE,"http://pbs.twimg.com/profile_images/867514388856569856/GwamXt4n_normal.jpg"
"159","Sustainability & Communications Professional MSc BSc MPRII | Wife Mother & Ocean lover | All views are my own.",3259,852,3446,1612,"https://t.co/Qf36WbZDvP","Annabel FitzGerald",2011-01-29 20:00:24,FALSE,FALSE,"BellesFitz","Ireland ","en","244644146",69,FALSE,"http://pbs.twimg.com/profile_images/446920671625351168/kCMwju-i_normal.jpeg"
"160","Bio nic",125228,2323,4047,2528,"http://t.co/nPhlUM8lI3","Ongoing_I <U+0646>",2009-08-05 17:29:42,FALSE,FALSE,"Gion_Gion","","en","63195884",217,FALSE,"http://pbs.twimg.com/profile_images/538467199178924032/64TaBNLy_normal.jpeg"
"161","We are dedicated to alleviating the global water crisis. Kokua donates 10% of sales from each bottle to provide safe and clean water to those in need.",8249,1434,352,3571,"https://t.co/OGL4mOFwvS","Kokua Water Bottles",2017-01-24 03:07:00,FALSE,FALSE,"my_kokua","Salt Lake City, UT","en","823728782653550592",13,FALSE,"http://pbs.twimg.com/profile_images/850098674403168256/Ji0Y-gxx_normal.jpg"
"162","",9504,84,10782,290,NA,"Mary Cantwell",2012-09-23 08:03:06,FALSE,FALSE,"MaryCantwell1","","en","841253952",34,FALSE,"http://abs.twimg.com/sticky/default_profile_images/default_profile_normal.png"
"163","",1653,32,1858,51,NA,"Aqua Azul",2014-03-09 08:34:47,FALSE,FALSE,"Aqua1Azul","","en","2380134001",4,FALSE,"http://pbs.twimg.com/profile_images/580811624405139456/3I5E5IVP_normal.jpg"
"164","I like Liverpool FC, Rugby, Golf, quality drama on telly, science, the weird and the wonderful and life in general. Is that rounded enough?",3629,708,1713,2114,NA,"David Kelly",2010-06-22 16:20:08,FALSE,FALSE,"busterkelly","Dublin, Ireland","en","158408787",6,FALSE,"http://pbs.twimg.com/profile_images/949762926398844928/GM7hClAK_normal.jpg"
"165","A Place in History. Fabulously refurbished: Traditional Country House Accommodation in the Heart of Ireland.#holiday #cottage #Ireland #Galway",3818,613,1697,1307,NA,"Eyrecourt Glebe",2012-11-10 12:13:15,FALSE,FALSE,"EyrecourtGlebe","Eyrecourt,Co Galway,Ireland.","en","938927408",25,FALSE,"http://pbs.twimg.com/profile_images/609091841900748800/g4vg8Oh8_normal.png"
"166","",3645,829,1066,1127,NA,"Caitriona Lawlor",2014-01-19 22:35:39,FALSE,FALSE,"LawlorCaitriona","","en","2300427061",17,FALSE,"http://pbs.twimg.com/profile_images/522777990803898368/MvemFzPy_normal.jpeg"
"167","",9341,239,2788,247,NA,"Shay",2016-06-28 14:09:06,FALSE,FALSE,"Shay69748168","","en","747793953454493700",3,FALSE,"http://abs.twimg.com/sticky/default_profile_images/default_profile_normal.png"
"168","Chartered Civil Engineer. Anything to do with one off housing especially septic tank issues and Building Regulations.",68849,699,34516,209,NA,"Michael Duffy",2014-09-24 22:11:12,FALSE,FALSE,"nomorequangos","Kilfenora, Co. Clare, Ireland.","en","2783010065",118,FALSE,"http://pbs.twimg.com/profile_images/952275530635730945/Uiey6oJ5_normal.jpg"
"169","",19923,1067,24515,1138,NA,"Catherine",2014-05-06 18:48:53,FALSE,FALSE,"Catheri22542014","Dublin, Ireland","en","2533372055",75,FALSE,"http://pbs.twimg.com/profile_images/680834454043111424/ymWswT1N_normal.jpg"
"170","Sick of it all, except organ donors and #LFC! #YNWA",23937,3917,18314,3784,NA,"mike 555",2016-04-11 20:28:36,FALSE,FALSE,"ballymikd","","en","719623202847268864",14,FALSE,"http://pbs.twimg.com/profile_images/720231663503032320/WYW6QAoI_normal.jpg"
"171","""Integrity has no need of rules"" Albert Camus",33061,267,25938,146,NA,"Sabs",2009-03-22 00:54:38,FALSE,FALSE,"Sabs0000","Derry, Ireland","en","25756368",1,FALSE,"http://pbs.twimg.com/profile_images/908611577372397568/UIehls_q_normal.jpg"
"172","Politically challenged, Arts orientated, Truth seeker in a world full of lies.",3723,38,5180,199,NA,"Trishadem",2009-03-26 12:17:46,FALSE,FALSE,"Trishadem","Ireland","en","26735981",2,FALSE,"http://pbs.twimg.com/profile_images/899609117601476608/piKW6clN_normal.jpg"
"173","",14648,262,10109,641,NA,"Bob Murphy",2014-04-06 19:33:36,FALSE,FALSE,"TinaMur79949519","","en","2430921445",5,FALSE,"http://pbs.twimg.com/profile_images/767305063605776384/LO-i3Fzj_normal.jpg"
"174","",173750,34397,119,828,"https://t.co/jINhyMq9dq","Constantin Gurdgiev",2009-07-27 23:19:13,FALSE,FALSE,"GTCost","","en","60741791",1020,FALSE,"http://pbs.twimg.com/profile_images/939697291744571392/Z9Ec64km_normal.jpg"
"175","LFC fan. Dad. Sick of corruption and the nonsense that goes with politics.",3838,275,15587,1094,NA,"Roy O'Rourke",2011-05-08 21:36:55,FALSE,FALSE,"Roy_O_Rourke","Dublin, Ireland","en","295361706",6,FALSE,"http://pbs.twimg.com/profile_images/883102410578808833/tXM5TJ-5_normal.jpg"
"176","Trisexual , collect vinyl , work for the Lord , opinion on everything.",9443,297,6764,1260,NA,"D Hayes Esq",2011-05-06 16:56:40,FALSE,FALSE,"blackmuffed","the Peoples Republic of Cork","en","294165679",16,FALSE,"http://pbs.twimg.com/profile_images/1341631607/image_normal.jpg"
"177","Wexford County Council. Out of hours Emergency No: 1890 666 777 from 5pm. For all water/waste water enquiries use @IWCare. Twitter desk 9am - 5pm Mon-Fri.",13015,8987,12806,863,"https://t.co/aRzNMwwgns","Wexford County Co.",2009-09-16 09:16:36,FALSE,TRUE,"wexfordcoco","Wexford, Ireland","en","74690446",160,FALSE,"http://pbs.twimg.com/profile_images/700296619338682369/qMymh-t-_normal.jpg"
"178","annoyed with most things. known to rant on occasion.
get out of my echo-chamber.",13798,984,10329,2818,NA,"why?",2013-10-18 09:53:38,FALSE,FALSE,"tbcire","","en","1968592807",31,FALSE,"http://pbs.twimg.com/profile_images/378800000738500782/9cfb65837d7cf6e8a04a36f8db369720_normal.jpeg"
"179","",2089,21,3180,46,NA,"Mary Jackson",2015-07-31 21:30:53,FALSE,FALSE,"Maryhay20645592","","en","3397754153",0,FALSE,"http://abs.twimg.com/sticky/default_profile_images/default_profile_normal.png"
"180","Trying to kick ass from afar!",24207,286,2500,141,NA,"Gaeilge Rath Maoinis",2013-04-14 17:49:57,FALSE,FALSE,"Nc1908Neil","","en","1352427296",34,FALSE,"http://pbs.twimg.com/profile_images/378800000456155709/3f3c25328f53c36be97e16931644cd87_normal.jpeg"
"181","Married old sarcastic over imbibing man  . Antis EU, PC, Pros courtesy, monarchy and common sense. A retweet does not mean a recommendation. Sometimes maybe.",50820,1836,447,2035,"http://t.co/fVxnA53jx0","barry laughton",2010-09-02 07:09:55,FALSE,FALSE,"kilkeal","west cork","en","185959122",56,FALSE,"http://pbs.twimg.com/profile_images/644215216499130368/SB80C-IS_normal.jpg"
"182","Ireland and the World. Politics, Art, Photography, History, Kildare GAA, Connacht Rugby, Watford FC. Interested in sharing all views, even those I don't share.",104156,16926,54620,18590,NA,"Declan Burke",2011-04-26 09:56:27,FALSE,FALSE,"DeclanBurke2","","en","288145037",259,FALSE,"http://pbs.twimg.com/profile_images/963448518848516097/Jzwc_K0W_normal.jpg"
"183","South Dublin Chamber is a business representative body that provides services, representation and networking opportunities to the business community.",2446,6403,1637,1094,"https://t.co/tLs6CFn5s4","South Dublin Chamber",2011-05-17 09:49:23,FALSE,FALSE,"SDublinChamber","Tallaght Business Park","en","300169617",59,FALSE,"http://pbs.twimg.com/profile_images/935870822258036736/74uNAtQw_normal.jpg"
"184","Award Winning MUA.Internationally Accredited. Mum of Twins. Scoliosis fighter. Advocate for cruelty free cosmetics & skincare",9118,1464,7887,1905,"https://t.co/Xdhaz4h5Y9","Decadent Beauty",2013-03-16 14:06:04,FALSE,FALSE,"DecadentB","Dublin, Kildare and Midlands","en","1272430285",48,FALSE,"http://pbs.twimg.com/profile_images/727262953410560000/I6nLkZRB_normal.jpg"
"185","so cynical I wouldn't believe a word out of my own mouth. Views & opinions are my own!",3616,70,5906,69,NA,"OllyPower",2014-11-01 13:59:23,FALSE,FALSE,"PadpowPower","Kildare","en","2854944437",0,FALSE,"http://pbs.twimg.com/profile_images/953716768983453697/IKwCSFhV_normal.jpg"
"186","",11415,235,3784,200,NA,"fincass",2011-02-04 13:47:17,FALSE,FALSE,"fincass","","en","247285054",10,FALSE,"http://pbs.twimg.com/profile_images/699291956862722048/_crkfHKe_normal.jpg"
"187","Former  - Devastated and disillusioned homeowner of Priory Hall apartment. Now looking forward to a fresh start!!!!!",14178,1080,13814,2410,"https://t.co/V4fnXk2gWS","Sinead",2009-03-16 17:04:13,FALSE,FALSE,"SinMac","","en","24725969",17,FALSE,"http://pbs.twimg.com/profile_images/378800000581549331/40c14fd4f6cc2f7ff016a6d231cf6495_normal.jpeg"
"188","",35641,1389,34596,1456,NA,"helen downing",2013-04-09 13:35:51,FALSE,FALSE,"DowningHelen","limerick","en","1339200288",76,FALSE,"http://pbs.twimg.com/profile_images/900012852609732610/vDnOFKGz_normal.jpg"
"189","",15237,97,2765,131,"https://t.co/8d8xoWRS1E","Jeremy Kearney",2009-02-11 10:24:36,FALSE,FALSE,"jeremykearney","Ireland","en","20582040",26,FALSE,"http://pbs.twimg.com/profile_images/602053545769172993/DR-vOJCN_normal.jpg"
"190","",5046,82,2245,864,NA,"Monet Van Gough",2015-04-25 21:34:08,FALSE,FALSE,"GoughMonet","","en","3207497417",1,FALSE,"http://abs.twimg.com/sticky/default_profile_images/default_profile_normal.png"
"191","#wexfordhour is on every Tuesday 9-10pm Join in for great chat! Promote your #business too!",30341,2964,4841,1417,"https://t.co/3OfYPepyJU","Wexford Hour",2014-04-10 20:17:45,FALSE,FALSE,"WexfordHour","Wexford, Ireland","en","2437476440",198,FALSE,"http://pbs.twimg.com/profile_images/758003883679580161/5V6sAUGD_normal.jpg"
"192","",3678,123,0,131,NA,"Solokom Water",2017-07-29 07:58:51,FALSE,FALSE,"solokomwater","","en-gb","891206372557283328",3,FALSE,"http://pbs.twimg.com/profile_images/891218763324035072/x9MXOg6T_normal.jpg"
"193","Tweets from the Great Island Community News - local news from lovely Cobh, Ireland and Great Island published every Tuesday. gicn@eircom.net for stories.",1694,405,1448,125,NA,"Great Island News",2014-02-16 20:50:21,FALSE,FALSE,"gicncobh","","en","2347424444",8,FALSE,"http://pbs.twimg.com/profile_images/435158129899106306/wfPc5NYc_normal.jpeg"
"194","chatterbox... But don't be fooled by the colour of my hair!!",83,5,9,26,NA,"TrebleMaker66",2018-02-25 00:27:36,FALSE,FALSE,"Maker66Treble","","en","967556649396461569",0,FALSE,"http://abs.twimg.com/sticky/default_profile_images/default_profile_normal.png"
"195","Teacher and Computer Consultant, husband, and father of a beautiful boy and girl.",210943,4092,715,2970,"https://t.co/dzaBnEPOnM","Tim Nelligan",2009-03-06 18:47:46,FALSE,FALSE,"tnteacherTim","Wicklow Town, Ireland.","en","23101135",334,FALSE,"http://pbs.twimg.com/profile_images/556811508428976128/jPPSTk4Y_normal.jpeg"
"196","The occupy movement. Programming, science, sci-fi & knitting. Home-births, social justice. Studying nutrition, bit obsessed with the microbiome. #repealthe8th",4648,206,4495,370,NA,"Queen Isabella",2009-05-21 22:29:02,FALSE,FALSE,"tryan162","Ireland","en","41692270",33,FALSE,"http://pbs.twimg.com/profile_images/922168922689933313/bV19qmb9_normal.jpg"
"197","#Wake up",1382,156,87,379,NA,"Emer Groonell",2013-07-30 07:50:26,FALSE,FALSE,"EgroonellEmer","","en","1632327338",3,FALSE,"http://pbs.twimg.com/profile_images/966630141479784448/ZHTpQzGl_normal.jpg"
"198","",33,29,76,147,NA,"Lourda Casserly",2010-07-19 09:00:52,FALSE,FALSE,"LourdaCasserly","Dublin","en","168430522",0,FALSE,"http://pbs.twimg.com/profile_images/924653672071561217/pugnYyR4_normal.jpg"
"199","",8849,404,10818,4071,NA,"red_scouse_4_life",2014-04-18 19:09:29,FALSE,FALSE,"_i_8_mancs","","en","2451818886",2,FALSE,"http://pbs.twimg.com/profile_images/845398715737292802/PckmLsRB_normal.jpg"
"200","Animal loving, early years educator. Fighting for justice, honour and the call of conscience!",3997,204,3804,401,NA,"HelenO'Toole",2009-11-06 22:05:46,FALSE,FALSE,"HelenOT60","","en","88044312",9,FALSE,"http://pbs.twimg.com/profile_images/865938766904655874/56k8oeqc_normal.jpg"
"201","Louth County Council: A local authority delivering a wide range of services to you the citizen.  Phone: 1890 202 303  Email: info@louthcoco.ie",11438,6945,468,1396,"http://t.co/QZzODln5Lq","Louth County Council",2010-01-11 17:25:57,FALSE,TRUE,"louthcoco","Co Louth Ireland","en","103914918",116,FALSE,"http://pbs.twimg.com/profile_images/729976104526745600/MoqeZPN__normal.jpg"
"202","Water Baby",98,26,83,145,NA,"Fiona Healy",2013-08-23 18:34:28,FALSE,FALSE,"fionahealy14","","en","1694491164",0,FALSE,"http://pbs.twimg.com/profile_images/378800000347055805/bf360e66490460429e52668df5fffda4_normal.jpeg"
"203","",88508,1027,86297,2517,NA,"Jim Moore",2016-04-20 18:33:34,FALSE,FALSE,"Jim_Moor","Wesht","en","722855746317258753",20,FALSE,"http://pbs.twimg.com/profile_images/970766491665731584/5pStz9YG_normal.jpg"
"204","please allow me to introduce myself im a man of wealth and taste{not}",65553,515,1336,1162,NA,"andy moore",2009-12-05 13:17:44,FALSE,FALSE,"dalkeyhead","dalkey","en","94789964",18,FALSE,"http://pbs.twimg.com/profile_images/904826589073989632/IuVbUy4R_normal.jpg"
"205","Challenging the way it's always been done around here. Social justice, sport and a bit of Arsenal too.",9985,555,11723,879,NA,"Ciaran Duffy",2009-06-19 16:00:05,FALSE,FALSE,"duffycj","Dublin City, Ireland","en","48743153",12,FALSE,"http://pbs.twimg.com/profile_images/800686239993171968/Hj_yAoC8_normal.jpg"
"206","The official Twitter account for Cork County Council, keeping you informed with the latest updates from the Cork area.",8113,15605,6360,365,"http://t.co/NjXHFcWDUr","Cork County Council",2010-01-11 16:31:56,FALSE,TRUE,"Corkcoco","Ireland","en","103900337",171,FALSE,"http://pbs.twimg.com/profile_images/570178839922233344/9UepbnLg_normal.jpeg"
"207","Newly appointed minister of revenue for #AppleTax 
shut up your whinging 
#Extraordinary <ed><U+00A0><U+00BD><ed><U+00B8><U+008F>

#Genuinely",124258,2286,49242,1007,NA,"Minister of i<ed><U+00A0><U+00BC><ed><U+00BD><U+008E> &<ed><U+00A0><U+00BD><ed><U+00BA><U+00AC>",2014-09-28 00:34:20,FALSE,FALSE,"geraghty040","","en","2788295746",166,FALSE,"http://pbs.twimg.com/profile_images/950857817321365504/H5HtCbC-_normal.jpg"
"208","Great Island, Great Heritage, Great Ships, Great Place To Visit in Cork Harbour.",2588,2307,4699,445,"http://t.co/fZzOXUXSpR","Cobh Tourism",2011-04-27 09:06:30,FALSE,FALSE,"CobhTourism","Cobh","en","288691421",38,FALSE,"http://pbs.twimg.com/profile_images/378800000278742138/2ee1067f483764cb9bb110b97d1813f5_normal.jpeg"
"209","Craic?!",2254,175,872,543,"http://t.co/2AIE0pUZhp","Gaffrow",2009-10-11 17:14:07,FALSE,FALSE,"Gaffrow","Away","en","81639224",5,FALSE,"http://pbs.twimg.com/profile_images/585235728428204032/UrBwSrmP_normal.jpg"
"210","Married to @corklollipop | Dad | Secretary @CobhTidy | #Tourism rep on @gicf15 | @CobhRegatta & See You in #Cobh | @SocDems LAR | All opinions my own | #Cork",158429,9999,33909,7905,"https://t.co/YsJPeECali","Ken Curtin",2009-06-16 22:24:45,FALSE,FALSE,"kencurtin","Cobh, Cork, Ireland","en","47754811",337,FALSE,"http://pbs.twimg.com/profile_images/929269176522428416/7sDZqyoM_normal.jpg"
"211","Multi-faceted, rarely Venus. Sports, current affairs, politics: also known as a skip of useless information by some friends",168388,4267,3458,3885,NA,"Tara (Ra Boom di Ay)",2010-11-01 11:11:18,FALSE,FALSE,"MsFrugalone","Dublin","en","210777087",118,FALSE,"http://pbs.twimg.com/profile_images/757912624772239360/c-_DSrl__normal.jpg"
"212","Views are my own. No animals were hurt in the process of formulating same.",2742,126,3415,574,NA,"@kudzu_dub",2009-05-01 12:37:11,FALSE,FALSE,"kudzu_dub","Dublin City, Ireland","en","36933503",12,FALSE,"http://pbs.twimg.com/profile_images/784375761251790848/tuNphmFl_normal.jpg"
"213","",1694,91,1070,172,NA,"Sammy Bickersteth",2013-11-29 20:42:17,FALSE,FALSE,"Sammybreezy5589","Dublin City, Ireland","en","2222004884",0,FALSE,"http://pbs.twimg.com/profile_images/828541061991632896/R0Ime5Zn_normal.jpg"
"214","Just me",37001,362,12465,638,NA,"suep",2010-11-23 19:04:41,FALSE,FALSE,"charliep2006","Dublin","en","219031179",60,FALSE,"http://pbs.twimg.com/profile_images/436366816945123328/QqiDZjDm_normal.jpeg"
"215","living the dream. hoping to wake up some day.",14018,567,13169,492,NA,"Don Hussey",2015-01-07 13:50:41,FALSE,FALSE,"HusseyDon","kingscourt/listowel","en-GB","2966016191",24,FALSE,"http://pbs.twimg.com/profile_images/956027045271793665/RIiPQEk1_normal.jpg"
"216","Want to help wherever I can. Passionate about getting things right for customers. Tweets are my personal opinion or interest.",905,185,324,574,NA,"mike cody",2012-02-24 21:48:58,FALSE,FALSE,"mikejcody","","en","502166976",2,FALSE,"http://pbs.twimg.com/profile_images/477740277252521984/yyfm-6Zo_normal.jpeg"
"217","Neil Young, Fleetwood Mac, fan. dislikes. #FG#Labour#FF.",50803,749,17034,1277,NA,"kieran clancy",2011-12-13 18:57:35,FALSE,FALSE,"ClancyKieran","","en","436060547",148,FALSE,"http://abs.twimg.com/sticky/default_profile_images/default_profile_normal.png"
"218","#wexford #ruraltransport #transport #ruralireland #dayout #visitwexford #TFI #getonthebus and see where it takes you",66,87,6,134,NA,"Local Link Wexford",2017-04-26 13:24:35,FALSE,FALSE,"LocalLinkWex","Wexford, Ireland","en","857223883841310720",1,FALSE,"http://pbs.twimg.com/profile_images/967055438889017346/pCrLMrBE_normal.jpg"
"219","",117865,2561,30891,2332,NA,"Marie Broderick",2010-09-17 01:37:24,FALSE,FALSE,"mariebrod","Dublin. Ireland","en","191673962",92,FALSE,"http://pbs.twimg.com/profile_images/966364471844319232/u4cpouis_normal.jpg"
"220","single dad, mad about history, politics east european/,russian affairs,- following burnley since 1962, donegal GAA,",68027,2240,1753,2089,NA,"bren keavo",2011-01-16 18:46:51,FALSE,FALSE,"donegalclaret","","en","239067644",105,FALSE,"http://pbs.twimg.com/profile_images/481247729717219328/LPoK0Zb0_normal.jpeg"
"221","",29399,654,1997,1269,NA,"eastsmer",2011-05-16 16:17:26,FALSE,FALSE,"eastsmer","Cork, Ireland","en","299741605",34,FALSE,"http://pbs.twimg.com/profile_images/523831895822311424/7PzxbmsE_normal.jpeg"
"222","Giving up is not an option.",4168,262,5439,775,NA,"Eileen ODriscoll",2009-12-22 21:44:35,FALSE,FALSE,"robinesca","Dublin Ireland","en","98726505",6,FALSE,"http://pbs.twimg.com/profile_images/682958649011093504/KFZZTHAX_normal.jpg"
"223","Creative Director @DancityIreland, 3x All Ireland Champions. <ed><U+00A0><U+00BD><ed><U+00B4><U+00B4><U+26AB><U+FE0F> Complaints Manager for Irish Utility. All opinions are mine.",6049,952,2122,2041,NA,"Kimspiration",2009-06-04 21:59:12,FALSE,FALSE,"KimMayRice","Dublin","en","44737239",9,FALSE,"http://pbs.twimg.com/profile_images/934514812264034304/37mtO8XT_normal.jpg"
"224","A Caffeine based life-form",80977,1739,63746,881,"https://t.co/uuvEzAbLjf","Joe Cluxton",2009-06-06 14:06:39,FALSE,FALSE,"Castletonian","Ireland","en","45134974",143,FALSE,"http://pbs.twimg.com/profile_images/969315191145017344/3j4XbIaA_normal.jpg"
"225","FF FG Have murdered, raped, and starved the children of Ireland for to long, If you support these scum bags your just as bad as them. All views are my own",67298,1481,50144,3627,NA,"FUCK THE POPE AND FFGardai scumbags",2015-01-03 20:22:54,FALSE,FALSE,"Bullslooks","Dublin City, Ireland","en","2959012101",160,FALSE,"http://pbs.twimg.com/profile_images/702516622096003073/RdHyNCRz_normal.jpg"
"226","Press/Sports photographer in Ireland. Member of Press Photographers Assoc of Ireland (PPAI) Working with Irish Independent & The Herald. instagram: cquinnphoto",1193,949,1013,1481,"https://t.co/uMvSdhyirC","caroline quinn photo",2010-09-24 11:20:50,FALSE,FALSE,"cquinnphoto","cqphotos@gmail.com","en","194535644",16,FALSE,"http://pbs.twimg.com/profile_images/461957784687235072/i_x0xDG8_normal.jpeg"
"227","",1687,48,335,80,NA,"jesusinthehouse2@gma",2013-01-14 22:38:36,FALSE,FALSE,"jesusinthehous2"," 57 Bethlehem Way","en","1090369633",0,FALSE,"http://pbs.twimg.com/profile_images/3109838950/37a46e145bd804048f9e74ab3913650b_normal.png"
"228","",2128,91,4162,629,NA,"roderick",2014-10-25 18:59:38,FALSE,FALSE,"26rjp","","en","2844085943",14,FALSE,"http://abs.twimg.com/sticky/default_profile_images/default_profile_normal.png"
"229","Opinionated Marketing Professional who believes in innovation, creativity, results and Arsene Wenger",1692,259,87,110,NA,"Paul Farrell",2010-11-19 09:25:53,FALSE,FALSE,"pfarrell101","Ireland","en","217360662",17,FALSE,"http://pbs.twimg.com/profile_images/2868467809/4992f3f5c0ed4c735758a17a1cb691cb_normal.jpeg"
"230","Educator / teacher passionate about teaching and learning, inclusion, dyslexia and UDL. All opinions are personal.",2760,147,5335,505,NA,"Ellen Reynor",2013-08-17 13:44:56,FALSE,FALSE,"ellen_rey","Dublin Ireland","en","1678241490",8,FALSE,"http://pbs.twimg.com/profile_images/378800000528226477/3313b16d8b49028928e6c8d2df61777b_normal.jpeg"
"231","Swords Says No https://t.co/pKtFV4ng7j",10716,706,0,13,"https://t.co/01wpBfFHRd","SwordsSaysNo",2014-05-16 12:26:13,FALSE,FALSE,"SwordsSaysNo","","en","2498799331",21,FALSE,"http://pbs.twimg.com/profile_images/467286571599667200/shMuQlHN_normal.png"
"232","Our deepest desire is to be loved unconditionally. Giving love is your eternal legacy to our world. I declare WORLD PEACE.   https://t.co/i0ShtZKMGW",69341,2528,6374,2052,NA,"Trich Deeney",2011-06-20 09:26:05,FALSE,FALSE,"TrichDee","Planet Earth","en","320664099",76,FALSE,"http://pbs.twimg.com/profile_images/953719829495795715/ABt7Gvfa_normal.jpg"
"233","Hackers Beware !",64894,1724,22115,2288,NA,"DESMOND KING",2012-03-22 09:40:28,FALSE,FALSE,"DESMONDKING3","","en","532983908",88,FALSE,"http://pbs.twimg.com/profile_images/471258697403203585/Q_XnYLMT_normal.jpeg"
"234","57 years old my interests are history, theology, politics, genealogy, classics &  ageing.  Re-tweets are not endorsements and tweets are my own  opinions.",58312,625,510,879,NA,"Gerard Scully",2014-12-02 09:44:18,FALSE,FALSE,"Codsmouth58","Clane Co. Kildare ","en","2902080735",213,FALSE,"http://abs.twimg.com/sticky/default_profile_images/default_profile_normal.png"
"235","Secretary & Organiser for Fine Gael Dublin South Central. All views my own.",1464,411,680,713,NA,"Edel James",2011-02-09 19:51:23,FALSE,FALSE,"edelnortonjames","Kimmage, Dublin, Ireland","en","249789698",17,FALSE,"http://pbs.twimg.com/profile_images/378800000015215173/91b3e72cd9aeb0751571db6cda881475_normal.jpeg"
"236","Providing services to a quarter of a million people, 90,000 households and over 6,000 businesses. info@sdublincoco.ie",9524,11096,1063,441,"http://t.co/bPcajbwG4Y","South Dublin Co Co",2010-01-10 11:54:54,FALSE,FALSE,"sdublincoco","County Hall  Tallaght Ireland","en","103551374",175,FALSE,"http://pbs.twimg.com/profile_images/470112416647229441/r_H5bsCV_normal.jpeg"
"237","Current affairs/economics and may not agree with what you have to say but will defend your right to say it",56901,1738,7979,2474,NA,"Glic 16",2011-04-13 21:46:37,FALSE,FALSE,"Glic16","Ireland","en","281740624",73,FALSE,"http://pbs.twimg.com/profile_images/1567884814/483px-SelbstPortrait_VG2_normal.jpg"
"238","",78120,703,73408,479,NA,"@mdmak33",2014-11-16 19:35:23,FALSE,FALSE,"mdmak33","","en","2879980954",99,FALSE,"http://pbs.twimg.com/profile_images/837460374416949249/cEIt-1q2_normal.jpg"
"239","I'm me ...........",3583,65,7550,272,NA,"Sarah B",2009-04-01 11:05:31,FALSE,FALSE,"Sarah_Baybay","Ireland","en","28086422",0,FALSE,"http://pbs.twimg.com/profile_images/847012439501815808/fntQxQ06_normal.jpg"
"240","",953,41,7051,66,NA,"PJ Berry",2010-09-14 19:32:12,FALSE,FALSE,"berrypj","","en","190759731",0,FALSE,"http://pbs.twimg.com/profile_images/378800000857992739/IjAGgLBV_normal.jpeg"
"241","In a world of universal Deceit.Our weapon is the truth.QUESTION EVERYTHING",4982,85,224,52,NA,"LmkReal",2012-04-19 23:09:14,FALSE,FALSE,"chaburn","lmk","en","558135311",20,FALSE,"http://abs.twimg.com/sticky/default_profile_images/default_profile_normal.png"
"242","Cork Harbour * Civil/Structural Engineer * Husband/Parent * Water * Personal views only - Not representing Employer",5100,1054,1766,1457,"https://t.co/1ARcBhokzv","Kevin Murray",2009-11-30 14:55:24,FALSE,FALSE,"KJMurrayCEng","Cork Ireland","en","93644996",46,FALSE,"http://pbs.twimg.com/profile_images/678606062669471745/COkDibQZ_normal.jpg"
"243","Time to step up & make it happen. #Repealthe8th  Things ain't gonna fix themselves #MyalgicEncephalomyelitis #PACEtrial #pwme",70387,4462,8839,4129,NA,"Joan Byrne",2009-04-08 07:38:14,FALSE,FALSE,"jemb123","Ireland","en","29663701",71,FALSE,"http://pbs.twimg.com/profile_images/863333213963517953/hZD3f8-i_normal.jpg"
"244","<U+2764><U+FE0F>herons, wildlife, archaeology and butterflies",18068,275,33853,63,NA,"Moira LeBlanc",2012-05-03 12:59:32,FALSE,FALSE,"MoiraLeBlanc","Montreal","en","569956384",78,FALSE,"http://pbs.twimg.com/profile_images/752594228635729922/931A-Xyo_normal.jpg"
"245","Patient!!",15438,493,4093,947,NA,"Brian O ' Neill",2011-07-16 19:23:23,FALSE,FALSE,"twospacesecure","limerick","en","336705815",20,FALSE,"http://pbs.twimg.com/profile_images/933780311984492545/EJIoAO_c_normal.jpg"
"246","Washed up former teacher; failed poet; retired DIYer;
failed market gardener; as a failure, I'm a success",71941,1293,19655,1719,NA,"Patrick J Dorrian",2009-11-05 09:09:40,FALSE,FALSE,"soundabuse","Belfast","en","87649251",59,FALSE,"http://pbs.twimg.com/profile_images/476480594629500928/N5EedWz9_normal.png"
"247","Web designer / web developer @mgswebdesign - I like games, movies & animals. #webdesign #webdev #webdevelopment",10818,937,12424,1103,"https://t.co/JGdxKhwt1Z","Tom",2009-03-27 10:38:40,FALSE,FALSE,"xtom","Kildare, Ireland","en","26982074",79,FALSE,"http://pbs.twimg.com/profile_images/948930343473762304/vfeLzzmG_normal.jpg"
"248","Anti water charges, TTIP and Austerity, mother and wife, love Ireland but not the government! Pro choice #RepealThe8th",4209,422,7847,879,NA,"Shazbear",2012-08-31 09:16:05,FALSE,FALSE,"Shazbear2","Ireland","en","793459344",9,FALSE,"http://pbs.twimg.com/profile_images/578484833875279872/6zXSnle6_normal.jpeg"
"249","PeopleBeforeProfit Cllr D8&12. Socialist, communityworker, singer with @ResistanceChoir, bikram yoga buff. Together we'll create a society to be proud of.",9250,2319,2324,1337,"https://t.co/ZdQ5vWNgRm","Cllr. Tina MacVeigh PBPA",2012-10-29 08:16:21,FALSE,FALSE,"TinaMacVeigh","Dublin's 8 & 12","en","912003068",58,FALSE,"http://pbs.twimg.com/profile_images/933240071469142017/zmJDQFPl_normal.jpg"
"250","MerrionStreet - News from the  Government of Ireland. RTs not an endorsement.",17903,28624,978,926,"https://t.co/7PnMjM15ZJ","MerrionStreet.ie",2010-05-25 15:43:04,FALSE,TRUE,"merrionstreet","Dublin 2","en","148000327",551,FALSE,"http://pbs.twimg.com/profile_images/964227595314266112/jhnJklBd_normal.jpg"
"251","We all want progress. But progress means getting nearer to the place where you want to be. CS Lewis",155881,2270,37489,207,"https://t.co/12ZVyCPqLL","OppenheimersBlockchain",2011-02-16 01:41:38,FALSE,FALSE,"Corpusmentis0","Justin Trudeaus Wardrobe ","en","252852141",369,FALSE,"http://pbs.twimg.com/profile_images/948619690351489024/Qn75W4cc_normal.jpg"
"252","I'm so tired of this country<ed><U+00A0><U+00BD><ed><U+00B8><U+0094>
I don't trust the government<ed><U+00A0><U+00BD><ed><U+00B8><U+00A0>",20160,1183,7738,1790,NA,"Jackie Brown",2014-11-17 20:05:59,FALSE,FALSE,"SusanCa98864211","Dublin, Ireland","en","2881610015",61,FALSE,"http://pbs.twimg.com/profile_images/849712068013899777/2t3vjldT_normal.jpg"
"253","",3940,390,449,974,NA,"Fearghas Ó Gabhan",2015-02-16 23:33:12,FALSE,FALSE,"fogabhan","Dublin, Ireland","en","3041630447",3,FALSE,"http://pbs.twimg.com/profile_images/962690646686527488/-iIQdr7u_normal.jpg"
"254","Football fanatic, IT professional and Aircraft Marshaller.  Always cheering on @bfcdublin and #COYBIG - Steam ID Marcus Suridius",11211,546,11821,401,NA,"Mark McDermott",2012-01-03 15:36:34,FALSE,FALSE,"Marcus_Suridius","Dublin, Ireland","en","454054190",5,FALSE,"http://pbs.twimg.com/profile_images/943136971865645056/5ekEAaj__normal.jpg"
"255","Tallaght Garda Station.Not monitored 24-7. And not suitable to report a crime .In a emergency call 999. Internet Police <ed><U+00A0><U+00BD><ed><U+00B1><U+00AE><ed><U+00A0><U+00BC><ed><U+00BF><U+00BB>#BoycottNolan",62137,3152,50845,1231,NA,"Detective Inspector",2013-07-06 20:18:11,FALSE,FALSE,"DazzerFury","Ireland","en-gb","1573601083",29,FALSE,"http://pbs.twimg.com/profile_images/972820540661563392/VWcDCO3X_normal.jpg"
"256","",5508,101,1350,370,NA,"Gerard Flynn",2013-02-20 10:25:15,FALSE,FALSE,"flynngrrd","","en","1200402781",6,FALSE,"http://abs.twimg.com/sticky/default_profile_images/default_profile_normal.png"
"257","",3494,341,12416,848,NA,"annefinnegan",2014-07-30 20:43:12,FALSE,FALSE,"anne12262550","","en","2693887334",10,FALSE,"http://pbs.twimg.com/profile_images/933301617507659777/q9V2phHz_normal.jpg"
"258","""A general nuisance""",60542,3000,55629,3239,NA,"Joe",2011-10-01 15:11:37,FALSE,FALSE,"SeosamhMagAodha","","en","383257123",52,FALSE,"http://pbs.twimg.com/profile_images/824652704907665408/w0A_8wPX_normal.jpg"
"259","Young at heart, love life, hate people who take others for fools, not a sheep <ed><U+00A0><U+00BD><ed><U+00B0><U+0091>, I speak the truth so liars usually attack me .. views my own",98,17,116,150,NA,"Eoghan Brennan",2018-03-07 22:05:19,FALSE,FALSE,"EoghanBrennan7","Dublin Ireland ","en","971507109484552192",0,FALSE,"http://pbs.twimg.com/profile_images/971508855422189568/UGSOU3rV_normal.jpg"
"260","Father and GrandFather, Everton and Dobermanns . Liberties D8 and the Lake County . ex Soldier 25 years service .",109908,3351,97566,3414,NA,"Paul 1878",2013-10-06 13:18:30,FALSE,FALSE,"MoranPaul52","Nil Satis Nisi Optimum ","en-gb","1940907738",55,FALSE,"http://pbs.twimg.com/profile_images/972783735631466497/daayCp9s_normal.jpg"
"261","Céad míle fáilte! Craic comedian by night!! I'm Sligo Rovers, Ireland & Manchester United, Photographs, I dislike War Inequality & Corruption! Animal lover!",7308,720,4678,682,NA,"Marcas Antoin MacGabhann",2009-06-26 03:19:33,FALSE,FALSE,"farrell1978","Ireland <ed><U+00A0><U+00BC><ed><U+00BD><U+0080>","en","50901015",9,FALSE,"http://pbs.twimg.com/profile_images/923342426235920385/1Rfl_y5I_normal.jpg"
"262","Massive sports fan in general and particularly the Dubs, Leinster, LFC and New England Patriots. All views my own",2780,305,3301,1456,NA,"Darragh Murphy",2010-12-27 17:50:04,FALSE,FALSE,"murda197","Dublin","en","231131647",11,FALSE,"http://pbs.twimg.com/profile_images/883743023611486209/leuCx9Ti_normal.jpg"
"263","",1093,5,0,0,NA,"Communities United",2015-10-17 16:35:25,FALSE,FALSE,"Communities_Utd","","en","3980696595",0,FALSE,"http://abs.twimg.com/sticky/default_profile_images/default_profile_normal.png"
"264","Gaillimheach! Athair, mac, fear céile. Communications professional. Can also be found @Rísceol All views my own! <ed><U+00A0><U+00BC><ed><U+00B7><U+00AE><ed><U+00A0><U+00BC><ed><U+00B7><U+00AA>",11895,1181,1749,1131,NA,"Richie Ó hEadhra",2011-01-11 14:25:03,FALSE,FALSE,"OHeadhra","Loch Garman","en","236850445",40,FALSE,"http://pbs.twimg.com/profile_images/1377349834/obama_copy_normal.jpg"
"265","Bureau make radio documentaries and podcasts | https://t.co/SAUKW4vd0Q",63,46,55,28,NA,"Bureau",2015-11-04 20:42:55,FALSE,FALSE,"akabureau","","en","4114601236",0,FALSE,"http://pbs.twimg.com/profile_images/958722758640308226/3-TgB4VU_normal.jpg"
"266","We are a society, not just an economy. We should be judged by how we treat our most vulnerable",15692,907,22715,2702,NA,"Una Morris",2009-05-07 21:00:09,FALSE,FALSE,"morrisquinn","Mayo via Dublin/Kildare","en","38515960",29,FALSE,"http://pbs.twimg.com/profile_images/888905477626753024/BDT7ZB9U_normal.jpg"
"267","BA(Hons), MA, LLM (QUB), PhD candidate. Mum, Pro-Choice, Writer, Activist, Coffee Drinker.  Member of @socdems 'Gullible Travels': https://t.co/39dAfY4gpt",94282,3939,6723,4009,"https://t.co/FOPJElt7Z3","HazelKatherineLarkin",2009-11-15 08:53:35,FALSE,FALSE,"HazelKLarkin","Dublin City, Ireland","en","90128421",204,FALSE,"http://pbs.twimg.com/profile_images/944968059453952000/UCLVkces_normal.jpg"
"268","Social Democrats, Dublin Mid West. Campaigning for @amomcnally in (Brittas, Clondalkin, Lucan, Newcastle, Palmerstown, Rathcoole and Saggart) #voteamo #socdems",4822,854,1662,1039,"https://t.co/J7o0pp0FKv","SocDems DubMidWest",2015-09-21 18:42:11,FALSE,FALSE,"SocdemsDMW","","en","3730898729",23,FALSE,"http://pbs.twimg.com/profile_images/972848460364959744/ADiBVH01_normal.jpg"
"269","a Gerry republican",13721,640,37808,922,NA,"Rita Doyle",2015-03-01 17:33:17,FALSE,FALSE,"RitaRitadoyle1","South Dublin, Ireland","en","3065778778",13,FALSE,"http://pbs.twimg.com/profile_images/933075021119008771/M_Ik6D2n_normal.jpg"
"270","Believer in Magick, Artist.",3630,460,5391,424,NA,"The Spiral Goddess",2012-09-10 21:59:53,FALSE,FALSE,"TheSpiralGoddes","","en","816112770",23,FALSE,"http://pbs.twimg.com/profile_images/2597351230/276447_209341685796864_110283336_n_normal.jpg"
"271","Creative entrepreneur, Vinyl collector, Photographer, Designer, Mum of 1 and lover of freedom of choice #repealthe8th #trustwomen #freesafelegal",1392,161,619,749,NA,"Emma Collins",2010-05-12 14:50:55,FALSE,FALSE,"emmacollins7","Dublin, Ireland","en","143081495",3,FALSE,"http://pbs.twimg.com/profile_images/972824193694883841/HtQ4bwsq_normal.jpg"
"272","Official Twitter account of Beneavin De La Salle College, Finglas East, Dublin 11. Follow for updates of school related news and activities.",2594,919,407,475,"http://t.co/WyzrD9jKQI","Beneavin College",2012-08-15 13:46:23,FALSE,FALSE,"BeneavinCollege","Finglas East, Dublin 11.","en","759398486",13,FALSE,"http://pbs.twimg.com/profile_images/640849132769406976/VpfmTSJw_normal.jpg"
"273","",543,88,1906,156,NA,"John Fox",2014-03-21 19:53:59,FALSE,FALSE,"Mac_an_T","","en","2402064026",2,FALSE,"http://pbs.twimg.com/profile_images/963848544472924160/tJeQZPo__normal.jpg"
"274","Penniless Rat Catcher  <U+25B2>  Former ruler of Siam  <U+25B2>  Wedded to poverty <U+25B2>  Marriage is not successful <U+25B2> Celtic FC <U+25B2>  Chef <U+25B2> Gaeilgeoir  <U+25B2>  flâneur <U+25B2> Réabhlóideach",48844,1714,15687,1347,NA,"Frontier Psychiatrist",2011-01-18 14:43:28,FALSE,FALSE,"F_Psychiatrist","South of Purgatory","en","239830880",12,FALSE,"http://pbs.twimg.com/profile_images/856964252757893120/WpvBqy2I_normal.jpg"
"275","Dental Care Ireland is a nationwide network of local family dental practices. We are a team of caring, reliable and trustworthy professionals.",2907,667,1523,654,"https://t.co/gzRlvyoO6P","Dental Care Ireland",2015-03-20 10:23:32,FALSE,FALSE,"DentalCareIrl","Dublin City, Ireland","en","3098897879",33,FALSE,"http://pbs.twimg.com/profile_images/578865148649218049/7CiY7UVK_normal.jpeg"
"276","Feminist, ex-catholic , equal rights. Dabbles in photography.",6127,418,13648,748,NA,"Ann Ryan",2010-03-11 20:22:51,FALSE,FALSE,"aine60","Ireland","en","122164300",23,FALSE,"http://pbs.twimg.com/profile_images/646302842408452096/zy1JG1rw_normal.png"
"277","Mayo.ie - The Home of All Things Mayo and the point of connection for the Mayo Diaspora.",13057,10769,3114,1191,"http://t.co/DXWqFBa7RD","Mayo.ie",2011-06-15 09:08:12,FALSE,FALSE,"MayoDotIE","Mayo, Ireland","en","317674584",105,FALSE,"http://pbs.twimg.com/profile_images/917708497986441216/odAd6yoQ_normal.jpg"
"278","Designer/Singer/Nerd/Champion Jenga Master. Lover of laughs, dodgy 80's guitar riffs and bananas. If nothing is safe then I don't understand...",5098,789,5543,2902,"https://t.co/eFup256P3l","EJ",2009-06-03 10:13:35,FALSE,FALSE,"missmimilove","Dublin","en","44331779",13,FALSE,"http://pbs.twimg.com/profile_images/966690057703829505/Is_Ds5TT_normal.jpg"
"279","",3434,138,9028,561,NA,"Sean",2011-02-10 14:12:03,FALSE,FALSE,"ErectedMonk","","en","250139021",5,FALSE,"http://pbs.twimg.com/profile_images/580581412761427968/LkMBXn3h_normal.jpg"
"280","London girl once more",272,149,290,558,NA,"Laura Quinn",2011-07-01 12:10:06,FALSE,FALSE,"Lauraquintastic","London baby!!","en","327342523",1,FALSE,"http://pbs.twimg.com/profile_images/1501609778/ME_normal.jpg"
"281","",981,13,820,155,NA,"Diogenes",2015-05-07 00:19:29,FALSE,FALSE,"S1nope","Dublin","en","3239756824",1,FALSE,"http://pbs.twimg.com/profile_images/972978238866755586/psWbPsBR_normal.jpg"
"282","",14305,578,633,481,NA,"annfarrelly",2014-10-03 23:34:26,FALSE,FALSE,"annfarrelly32","","en-gb","2803137448",22,FALSE,"http://pbs.twimg.com/profile_images/694317896164589568/WFhpD8mA_normal.jpg"
"283","",27947,1477,9448,1925,NA,"vaRATcher",2014-11-08 11:58:10,FALSE,FALSE,"Rats4NeoLeo","","en","2867240777",30,FALSE,"http://pbs.twimg.com/profile_images/870946847891873792/AiPMn-FO_normal.jpg"
"284","Observing & Reacting",12234,571,2991,696,NA,"Rod",2011-05-04 14:03:55,FALSE,FALSE,"Rod77Red","Dublin, Ireland, Rock, Space.","en","292942615",29,FALSE,"http://pbs.twimg.com/profile_images/530028323590918144/QHu1lev3_normal.jpeg"
"285","Was Dancer choreographer background actress &  Events org. MA (NUIG) classics tutor (no more sadly chronic illness many years Severe ME #pwme",24153,692,29000,842,NA,"Suzy Young",2008-08-20 19:13:20,FALSE,FALSE,"SuzyYoung24","Galway. Ireland","en","15921714",51,FALSE,"http://pbs.twimg.com/profile_images/924251753687764994/S99usHEM_normal.jpg"
"286","Electronic music producer & Shamrock Rovers FC fanatic. For PowerStateFailure go to https://t.co/eFuHpp568A. https://t.co/3OiMx5kMGf",8411,609,3973,2319,NA,"Paul O'Connell",2011-12-31 10:36:28,FALSE,FALSE,"PowerStateFail","Tallaght","en","451364075",1,FALSE,"http://pbs.twimg.com/profile_images/2670829432/6986474adcf605b34934a09a3e5041ea_normal.jpeg"
"287","Arguing is my way of understanding. After we've argued, with all our differences, we're going to be sharing this world together. I'm glad of this.",203218,3033,89203,2932,NA,"Auntie Dote",2011-08-26 17:33:10,FALSE,FALSE,"AuntieDote","","en","362602281",211,FALSE,"http://pbs.twimg.com/profile_images/678216306135588864/Cnh7A5FG_normal.jpg"
"288","@labour Councillor for Glencullen/Sandyford, @dlrcc 2004 - present in Dun Laoghaire Rathdown Council.",2064,775,3568,809,NA,"Lettie Mc Carthy",2012-01-01 01:00:46,FALSE,FALSE,"Lettiemccarthy","","en","451784650",20,FALSE,"http://pbs.twimg.com/profile_images/637731293304881153/7q8lP0fC_normal.jpg"
"289","Hate bad manners.
Mad sense of humour, deal with it!

Seriously, don't take me seriously,
then again, maybe do..

Not responsible for tweets:Diplomatic immunity",42902,849,49927,371,"https://t.co/iUjcDWM8WA","Ann",2016-02-22 17:13:40,FALSE,FALSE,"annf32","Behind you! ","en","701817141729824768",86,FALSE,"http://pbs.twimg.com/profile_images/920259324458557440/2qVnGxRf_normal.jpg"
"290","I am a management professional. I work for a multinational . Life's good. Business & Finance Technology & Science, #Cryptocurrency. Opinions my own",810,78,237,442,NA,"Jason",2017-04-03 16:55:13,FALSE,FALSE,"JasonMcC31","Clare, Ireland","en","848941973251792897",2,FALSE,"http://pbs.twimg.com/profile_images/888638970753626112/P1ZBt6iZ_normal.jpg"
"291","",45746,366,19593,196,NA,"kathryn connaughton",2010-05-05 20:26:17,FALSE,FALSE,"kathconnaugh","dublin","en","140557768",64,FALSE,"http://pbs.twimg.com/profile_images/962860112154169345/FFkEfmDh_normal.jpg"
"292","JUSTICE FOR THE 96..... And Never Buy or Quote the Scum... #DONTBUYTHESUN",16520,3139,1309,3236,NA,"Anto..B...LFC",2010-10-12 12:03:22,FALSE,FALSE,"Antoblfc","Dublin City, Ireland","en","201686849",48,FALSE,"http://pbs.twimg.com/profile_images/945748376666230784/8wV5ZU3W_normal.jpg"
"293","Irish People deserve better. Fight against unjust water charges. Fight to make Ireland a fairer and a more equal country!! Support meter fairies!",3576,730,1047,1049,"https://t.co/7inwEqNcLc","#Right2change <ed><U+00A0><U+00BC><ed><U+00B7><U+00AE><ed><U+00A0><U+00BC><ed><U+00B7><U+00AA>",2015-06-28 23:05:19,FALSE,FALSE,"Right2changeMW","","en","3349911765",20,FALSE,"http://pbs.twimg.com/profile_images/788143443818184709/BUgUb1Np_normal.jpg"
"294","iReland is the way it is because the public accepts it, tolerates it and make excuses for it.",8473,456,3337,796,NA,"Niall Ward",2010-01-26 19:57:54,FALSE,FALSE,"nialltalk","","en","108700808",13,FALSE,"http://pbs.twimg.com/profile_images/971777801530593281/4_OhpbHc_normal.jpg"
"295","",592,68,232,657,NA,"julie feely",2009-11-10 22:07:05,FALSE,FALSE,"glooking","Dublin City, Ireland","en","89034850",0,FALSE,"http://pbs.twimg.com/profile_images/541334833096429568/OM3B-YXF_normal.jpeg"
"296","My tweets are my bio",20372,376,2090,310,NA,"Andy",2012-03-04 13:57:19,FALSE,FALSE,"cronny86","ireland","en","514368579",5,FALSE,"http://pbs.twimg.com/profile_images/934735807188893696/D2XS22Pw_normal.jpg"
"297","Software development, connectivity, IOT, summertime, wintertime, all kinds of everything and trying not to take life too seriously...",6368,258,6913,546,NA,"xor",2013-01-03 22:40:39,FALSE,FALSE,"Timmyom","On the edge","en","1058964374",27,FALSE,"http://pbs.twimg.com/profile_images/914537652334075906/_TY20uZr_normal.jpg"
"298","With tuppence for paper and string you can have your own set of wings. (Individual results may vary)",70,3,3,31,NA,"Charles Endabertie",2014-01-20 20:27:09,FALSE,FALSE,"CJ_Endabertie","","en","2301984535",0,FALSE,"http://pbs.twimg.com/profile_images/828039805669883904/eSCB-Dku_normal.jpg"
"299","#Irishwater  #Irish  #Ireland   #Fingal  Sinister Rouge",45433,2370,17635,1521,NA,"@FINGALOLS",2011-11-19 21:45:28,FALSE,FALSE,"FINGALOLS","","en","416571534",158,FALSE,"http://pbs.twimg.com/profile_images/581441320616632320/Mta6a4Dt_normal.png"
"300","Artist, Children's Author, Entrepreneur with a MSc. in Tech Mgt. #EdTech & Animation https://t.co/8zncO6opN2 <ed><U+00A0><U+00BD><ed><U+00B2><U+009A> https://t.co/7joE3OpLxG <ed><U+00A0><U+00BD><ed><U+00B8><U+009C>https://t.co/mDDTQdyo7s<ed><U+00A0><U+00BD><ed><U+00B2><U+0083>",8111,1255,13128,2414,"https://t.co/8zncO66Oos","Marion Rose",2012-06-28 11:47:20,FALSE,FALSE,"Us_Irish","Irish North-West Coast","en","620911388",151,FALSE,"http://pbs.twimg.com/profile_images/918455187727114240/rWx6GvTU_normal.jpg"
"301","Political, Social, Economic and Sporting interests all in equal and obsessive measure.",17398,420,290,482,NA,"#sylsrants",2010-03-03 20:27:11,FALSE,FALSE,"sylmurphy","Ireland","en","119490186",15,FALSE,"http://pbs.twimg.com/profile_images/865718124/511_normal.JPG"
"302","",12442,434,17849,956,NA,"noel",2014-05-05 20:12:49,FALSE,FALSE,"macanfearrua","Gaillimh","en","2531699230",41,FALSE,"http://pbs.twimg.com/profile_images/471784222688948224/tl5OLFkB_normal.jpeg"
"303","If the earth is alive, are we all parasites?",1397,655,3831,1771,"http://t.co/ECssSMpCM9","Donal Kelly",2013-06-19 09:40:29,FALSE,FALSE,"DonalK1981","Malta, small island big balls","en","1530332246",2,FALSE,"http://pbs.twimg.com/profile_images/378800000025220065/8debddd7298f217ef157b5e71cc8d83c_normal.jpeg"
"304","Writer | Social Media Manager | Fiction in @Stingingfly @PendulinePress @thewildwordmag | #FreePalestine #Repealthe8th #Socialist",11318,1027,26798,3006,"https://t.co/9xJIgHcUhM","Leona",2011-11-08 17:45:10,FALSE,FALSE,"leonaleecully","Dublin","en","407882041",27,FALSE,"http://pbs.twimg.com/profile_images/686262347615334400/34UoXAFE_normal.jpg"
"305","Labour member. Democrat. Passionate about Environment & Living Wage. Max the surplus to max redistribution. Love time in New York, or Connemara. 2nd profile",15093,3169,18864,3065,NA,"PopulistwatchIrL",2017-06-29 11:29:44,FALSE,FALSE,"WatchPopulistIr","","en","880387805012254721",7,FALSE,"http://pbs.twimg.com/profile_images/973233821343715330/ueObz7eZ_normal.jpg"
"306","GAA, Celtic fc agus Poblachtach(den eite clé). Software Developer. Réabhlóid Abú! (My own views*) Athlone | Dublin",5966,422,2908,745,NA,"Seán Carey",2010-12-02 17:40:31,FALSE,FALSE,"seanogcarey"," Iarmhí, Éire","en","222178292",7,FALSE,"http://pbs.twimg.com/profile_images/812420548647124993/7mLkvzE0_normal.jpg"
"307","",47,7,128,74,NA,"rory mc inerney",2010-09-19 00:02:07,FALSE,FALSE,"rodgepodger","Fingal, Ireland","en","192377979",0,FALSE,"http://pbs.twimg.com/profile_images/904438845667770368/1evzhB5P_normal.jpg"
"308","",58352,293,43499,93,NA,"Fran Devlin",2010-01-15 22:04:12,FALSE,FALSE,"frandevlin","","en","105269944",173,FALSE,"http://pbs.twimg.com/profile_images/881189398892695552/9mn5Cbu3_normal.jpg"
"309","Justice does not exist with corrupt M.P.F.@ corrupt C.P.S.    *Support Galway 2020*",253262,3181,8770,4164,NA,"leon Cullen",2014-07-27 06:24:42,FALSE,FALSE,"leocullen4","London ","en","2726025501",386,FALSE,"http://pbs.twimg.com/profile_images/869271648297394176/YN0xvDl8_normal.jpg"
"310","Lfc fananatic ,poker nut, father of 4 nearly 5, views probably someone elses I'm passing off, total dislike of most politicians",13731,206,7884,312,NA,"neal",2012-12-29 15:28:04,FALSE,FALSE,"nealgartland1","Dublin, Ireland","en","1045183711",15,FALSE,"http://pbs.twimg.com/profile_images/706899828203200513/Q1JX0TLF_normal.jpg"
"311","#evicted & made #homeless by @finegael #finegael; @IRLDeptFinance @MerrionStreet #irlgov; #refugee in my own country, #Ireland! #idp [I make music & images]",67502,1621,32844,3060,"https://t.co/LwYogHqHYh","RocknRoll Saor",2015-06-26 19:14:04,FALSE,FALSE,"RiochtNaSaor","Ríocht Na Saor ","en","3257007001",240,FALSE,"http://pbs.twimg.com/profile_images/958035971039223808/r-hTTitV_normal.jpg"
"312","Beauty fades stupid is stupid forever",9916,273,4418,377,"https://t.co/Bgz6uTbF1e","C. Masterson",2010-09-20 17:37:55,FALSE,FALSE,"cath3750","Carlow Ireland ","en","192981437",9,FALSE,"http://pbs.twimg.com/profile_images/626666654479552512/EeG2zI-z_normal.jpg"
"313","Mother, Grandmother. Concerned citizen. Community activist. Animal lover. Not a member of any political party.",73898,404,23207,285,NA,"Pauline",2014-09-04 11:17:06,FALSE,FALSE,"dubhghaill2","Wicklow, Ireland","en","2761132275",76,FALSE,"http://pbs.twimg.com/profile_images/788127551130574848/-GI0Mz0S_normal.jpg"
"314","On a sabbatical type thing. Tweets mostly automated. Replies will be slow. No is my default. I like words that start with C. Reculer pour mieux sauter.",262042,17498,13467,994,"https://t.co/Jl7E8LJrsN","Damïeñ Múlley ¸",2006-12-23 11:10:57,FALSE,FALSE,"damienmulley","Cork, Ireland","en","193753",702,FALSE,"http://pbs.twimg.com/profile_images/851109985815756800/0_uf7Fa__normal.jpg"
"315","~^°•°^~ sometimes apoplectic<ed><U+00A0><U+00BD><ed><U+00B8><U+00A3>       
               [°•°]~FunJoy Happiness<ed><U+00A0><U+00BD><ed><U+00B8><U+0098>",4490,230,9932,1601,NA,"<ed><U+00A0><U+00BD><ed><U+00B4><U+008A>Mariaoc1<ed><U+00A0><U+00BC><ed><U+00BC><U+008D><ed><U+00A0><U+00BC><ed><U+00BD><U+0083><U+2618>",2015-12-30 13:51:06,FALSE,FALSE,"MariaOC248","SouthWest County <U+2618> <ed><U+00A0><U+00BC><ed><U+00B7><U+00AE><ed><U+00A0><U+00BC><ed><U+00B7><U+00AA>","en","4654303035",35,FALSE,"http://pbs.twimg.com/profile_images/688254837511725056/IdM8Gqqg_normal.jpg"
"316","",1463,227,1543,159,"https://t.co/bC3nd0SfVH","Maurice J K",2015-05-18 15:15:07,FALSE,FALSE,"Maurice_J_K","","en","3288490377",10,FALSE,"http://pbs.twimg.com/profile_images/970772627445964800/TiZMfFtZ_normal.jpg"
"317","Work full time",3109,102,637,425,NA,"Berni Toft",2010-03-25 22:25:13,FALSE,FALSE,"Becker45","Dublin Ireland","en","126445376",0,FALSE,"http://pbs.twimg.com/profile_images/1229297276/Trinity_normal.jpg"
"318","",10790,689,1846,838,NA,"Jim Masterson BDS",2009-06-21 11:09:53,FALSE,FALSE,"jemmaster","","en","49292128",12,FALSE,"http://pbs.twimg.com/profile_images/702509162060718082/THIZ7664_normal.jpg"
"319","Living in Corrupt 
Ireland",87,12,148,28,NA,"Anti Toxic Quango",2018-01-31 17:12:22,FALSE,FALSE,"EdwardM10722259","","en","958749810974253057",0,FALSE,"http://abs.twimg.com/sticky/default_profile_images/default_profile_normal.png"
"320","John Kenealy Auto Air Conditioning celebrating 32 years servicing car air conditioning systems. Visit my website at https://t.co/H63TLDr1EU",33770,374,3820,733,"https://t.co/I3TpSay7x9","AirConJohn",2012-01-31 21:37:12,FALSE,FALSE,"JohnAirCon","Dublin Ireland","en","479876532",37,FALSE,"http://pbs.twimg.com/profile_images/1796678237/Picture_14_normal.png"
"321","VP of People Operations at @WebSummit | Our Open Roles: https://t.co/oPokdyH8fV | Husband to @BarrybkKelly",15257,2799,314,3408,"https://t.co/49xhEUwCzr","Ronan Mooney",2009-07-08 13:03:35,FALSE,FALSE,"ronanmooney","Dublin, Ireland","en","54888223",98,FALSE,"http://pbs.twimg.com/profile_images/915117511821156352/w17hBLbC_normal.jpg"
"322","Un giorno alla volta.",10783,540,10000,862,NA,"Theresa Daly",2011-06-27 20:07:29,FALSE,FALSE,"TheresaDaly1","Dublin, Ireland","en","325138268",9,FALSE,"http://pbs.twimg.com/profile_images/755849337561722880/_Yy300HM_normal.jpg"
"323","Live Fast, Die Fun / Irish / Punk Scene / Batman / NUIG Student/ Tattoos / Bass / Rancid / Arsenal",1371,238,678,254,NA,"Paul Luke <U+2606>",2013-10-11 16:28:22,FALSE,FALSE,"Paulgannon99","Dunmore, Galway","en","1954585957",1,FALSE,"http://pbs.twimg.com/profile_images/867491452007436289/L5CJ5CBv_normal.jpg"
"324","",3949,77,726,453,NA,"Trader",2015-11-19 21:29:08,FALSE,FALSE,"MylesNaGcopalin","","en","4229359089",6,FALSE,"http://abs.twimg.com/sticky/default_profile_images/default_profile_normal.png"
"325","Small agri contractor,dabbling in a bit of plant too.Driver for O Dwyer Steel in Winter time.Wife Aisling. Views expressed are my own.Two cats ,and a few cattle",10317,1313,8648,899,NA,"Edward Kennedy",2009-02-18 16:52:50,FALSE,FALSE,"Edwardkennedy84","Thurles","en","21214064",8,FALSE,"http://pbs.twimg.com/profile_images/897201809739177984/O2AP2e3-_normal.jpg"
"326","Christian & Democratic Socialist.",64540,681,87594,338,NA,"CitizenMac59",2011-01-29 21:48:24,FALSE,FALSE,"CitizenMac59","Amsterdam, NL","en","244678422",115,FALSE,"http://pbs.twimg.com/profile_images/529012330344890368/3e0eBx-k_normal.png"
